,year,price
24,0.21428571428571427,0.31724137931034485
109,0.7142857142857143,0.8275862068965517
112,0.42857142857142855,0.27586206896551724
139,0.42857142857142855,0.7582758620689655
164,0.07142857142857142,0.5516551724137931
177,0.14285714285714285,0.5031034482758621
180,0.21428571428571427,0.5793103448275863
182,0.07142857142857142,0.2896551724137931
192,0.5714285714285714,0.5724137931034483
203,0.5,0.8275862068965517
208,0.14285714285714285,0.6206896551724138
252,0.21428571428571427,0.593103448275862
254,0.07142857142857142,0.4068965517241379
255,0.5714285714285714,0.5517241379310345
257,0.07142857142857142,0.6620689655172414
258,0.6428571428571429,0.983103448275862
261,0.21428571428571427,0.983103448275862
275,0.42857142857142855,0.5724137931034483
318,0.14285714285714285,0.6068965517241379
319,0.0,0.6206896551724138
321,0.21428571428571427,0.983103448275862
359,0.0,0.4479310344827586
367,0.2857142857142857,0.36517241379310345
395,0.21428571428571427,0.6548275862068965
420,0.7142857142857143,0.0
438,0.07142857142857142,0.42751724137931035
449,0.0,0.5513793103448276
455,0.5714285714285714,0.7448275862068966
456,0.35714285714285715,0.4068965517241379
494,0.07142857142857142,0.20344827586206896
554,0.42857142857142855,0.43275862068965515
557,0.21428571428571427,0.5448275862068965
569,0.2857142857142857,0.0896551724137931
583,0.0,0.7159310344827586
584,0.14285714285714285,0.7241379310344828
593,0.35714285714285715,0.3448275862068966
614,0.5,0.896551724137931
615,0.21428571428571427,0.4827586206896552
637,0.6428571428571429,0.6820689655172414
648,0.21428571428571427,0.3793103448275862
667,0.0,0.2413793103448276
681,0.21428571428571427,0.41344827586206895
685,0.5714285714285714,0.3103448275862069
686,0.21428571428571427,0.2
689,0.21428571428571427,0.2482758620689655
693,0.5,0.3103448275862069
695,0.14285714285714285,0.06206896551724138
699,0.21428571428571427,0.1793103448275862
700,0.5,0.6551034482758621
704,0.14285714285714285,0.2896551724137931
710,0.5714285714285714,0.4824137931034483
716,0.2857142857142857,0.27579310344827584
733,0.6428571428571429,0.5928275862068966
736,0.21428571428571427,0.41351724137931034
774,0.5,0.9993103448275862
793,0.2857142857142857,0.5862068965517241
800,0.0,0.2413793103448276
807,0.07142857142857142,0.34448275862068967
808,0.5714285714285714,0.6203448275862069
810,0.21428571428571427,0.2413793103448276
814,0.5,0.2620689655172414
815,0.0,0.20689655172413793
816,0.5714285714285714,0.9310344827586207
857,0.42857142857142855,0.8272413793103448
872,0.2857142857142857,0.9651724137931035
874,0.2857142857142857,0.9651724137931035
877,0.6428571428571429,0.9651724137931035
879,0.5714285714285714,0.7582758620689655
884,0.5714285714285714,0.9310344827586207
890,0.5,0.4482758620689655
891,0.14285714285714285,0.4479310344827586
893,0.5,0.6203448275862069
902,0.2857142857142857,0.29620689655172416
907,0.42857142857142855,0.7582758620689655
921,0.14285714285714285,0.2
924,0.07142857142857142,0.27586206896551724
932,0.07142857142857142,0.3103448275862069
936,0.6428571428571429,0.862
999,0.07142857142857142,0.4824137931034483
1002,0.07142857142857142,0.11724137931034483
1019,0.35714285714285715,0.3096551724137931
1022,0.2857142857142857,0.723448275862069
1028,0.07142857142857142,0.62
1064,0.21428571428571427,0.4341379310344828
1068,0.07142857142857142,0.3310344827586207
1070,0.07142857142857142,0.3237931034482759
1083,0.6428571428571429,0.8896551724137931
1092,0.35714285714285715,0.5513793103448276
1098,0.21428571428571427,0.4124137931034483
1100,0.42857142857142855,0.43103448275862066
1117,0.07142857142857142,0.6206896551724138
1122,0.42857142857142855,0.41372413793103446
1137,0.0,0.46551724137931033
1139,0.6428571428571429,0.6206896551724138
1140,0.07142857142857142,0.34448275862068967
1147,0.42857142857142855,0.6551724137931034
1157,0.21428571428571427,0.18275862068965518
1158,0.2857142857142857,0.16551724137931034
1169,0.5,0.9517241379310345
1173,0.2857142857142857,0.39655172413793105
1178,0.6428571428571429,0.41344827586206895
1182,0.21428571428571427,0.7931034482758621
1189,0.35714285714285715,0.5171034482758621
1190,0.42857142857142855,0.3446896551724138
1191,0.14285714285714285,0.4136551724137931
1192,0.21428571428571427,0.3446896551724138
1193,0.7142857142857143,0.5171034482758621
1198,0.21428571428571427,0.6206206896551724
1215,0.35714285714285715,0.5241379310344828
1236,0.0,0.1310344827586207
1266,0.7142857142857143,0.4479310344827586
1269,0.6428571428571429,0.4479310344827586
1276,0.14285714285714285,0.20655172413793105
1296,0.42857142857142855,0.2413793103448276
1306,0.35714285714285715,0.8272413793103448
1316,0.7857142857142857,0.9653793103448276
1320,0.7857142857142857,0.9653793103448276
1323,0.8571428571428571,0.8964137931034483
1327,0.35714285714285715,0.5515862068965517
1328,0.07142857142857142,0.620551724137931
1329,0.14285714285714285,0.4826206896551724
1332,0.7857142857142857,0.9653793103448276
1335,0.5714285714285714,0.7584827586206897
1336,0.6428571428571429,0.8964137931034483
1340,0.5,0.5515862068965517
1350,0.5714285714285714,0.9653793103448276
1351,0.5714285714285714,0.620551724137931
1370,0.7142857142857143,0.7998620689655173
1381,0.7857142857142857,0.9653793103448276
1384,0.35714285714285715,0.2343448275862069
1387,0.2857142857142857,0.4136551724137931
1407,0.5714285714285714,0.0
1451,0.07142857142857142,0.3448275862068966
1452,0.5714285714285714,0.6203448275862069
1454,0.07142857142857142,0.4824137931034483
1456,0.5714285714285714,0.7586206896551724
1460,0.6428571428571429,0.4824137931034483
1467,0.2857142857142857,0.3103448275862069
1469,0.5714285714285714,0.7582758620689655
1476,0.07142857142857142,0.06896551724137931
1488,0.5714285714285714,0.7931034482758621
1496,0.07142857142857142,0.4689655172413793
1497,0.0,0.18620689655172415
1519,0.5714285714285714,0.6551724137931034
1525,0.0,0.27586206896551724
1526,0.2857142857142857,0.5206896551724138
1538,0.2857142857142857,0.45689655172413796
1548,0.2857142857142857,0.6203448275862069
1552,0.35714285714285715,0.9306896551724138
1553,0.8571428571428571,0.8272413793103448
1566,0.42857142857142855,0.4068965517241379
1586,0.14285714285714285,0.6893103448275862
1590,0.21428571428571427,0.41344827586206895
1592,0.42857142857142855,0.4824137931034483
1601,0.21428571428571427,0.9517241379310345
1604,0.5,0.48172413793103447
1610,0.2857142857142857,0.516896551724138
1611,0.07142857142857142,0.5513793103448276
1614,0.07142857142857142,0.6203448275862069
1615,0.5714285714285714,0.7582758620689655
1623,0.5,0.6893103448275862
1628,0.21428571428571427,0.23448275862068965
1629,0.35714285714285715,0.993103448275862
1630,0.14285714285714285,0.6137931034482759
1635,0.6428571428571429,0.9651724137931035
1715,0.5714285714285714,0.47586206896551725
1723,0.2857142857142857,0.4136551724137931
1726,0.35714285714285715,0.2343448275862069
1729,0.7857142857142857,0.9653793103448276
1738,0.7142857142857143,0.7998620689655173
1757,0.5714285714285714,0.620551724137931
1759,0.5714285714285714,0.9653793103448276
1770,0.5,0.5515862068965517
1774,0.6428571428571429,0.8964137931034483
1775,0.5714285714285714,0.7584827586206897
1777,0.7857142857142857,0.9653793103448276
1779,0.14285714285714285,0.4826206896551724
1780,0.07142857142857142,0.620551724137931
1781,0.35714285714285715,0.5515862068965517
1782,0.8571428571428571,0.8964137931034483
1785,0.7857142857142857,0.9653793103448276
1789,0.7857142857142857,0.9653793103448276
1815,0.07142857142857142,0.27586206896551724
1823,0.5,0.34448275862068967
1825,0.21428571428571427,0.25517241379310346
1827,0.35714285714285715,0.8620689655172413
1830,0.6428571428571429,0.5928275862068966
1837,0.21428571428571427,0.41351724137931034
1844,0.2857142857142857,0.36551724137931035
1846,0.0,0.8962068965517241
1847,0.21428571428571427,0.4824137931034483
1848,0.6428571428571429,0.4824137931034483
1851,0.5714285714285714,0.37896551724137933
1852,0.21428571428571427,0.6893103448275862
1853,0.6428571428571429,0.9306896551724138
1854,0.2857142857142857,0.9651724137931035
1855,0.7142857142857143,0.4824137931034483
1856,0.35714285714285715,0.41344827586206895
1859,0.5714285714285714,0.6203448275862069
1860,0.35714285714285715,0.6893103448275862
1862,0.7142857142857143,0.8272413793103448
1863,0.42857142857142855,0.8962068965517241
1864,0.5,0.6203448275862069
1865,0.5714285714285714,0.6203448275862069
1867,0.5,0.8272413793103448
1868,0.21428571428571427,0.7237931034482759
1877,0.42857142857142855,0.6551034482758621
1885,0.0,0.27551724137931033
1888,0.07142857142857142,0.5513793103448276
1890,0.21428571428571427,0.516896551724138
1892,0.6428571428571429,0.7584827586206897
1902,0.5,0.6203448275862069
1912,0.2857142857142857,0.9308965517241379
1938,0.35714285714285715,0.6551724137931034
1949,0.6428571428571429,0.6895172413793104
1967,0.14285714285714285,0.20655172413793105
1971,0.2857142857142857,0.27551724137931033
1972,0.21428571428571427,0.27551724137931033
1973,0.5,0.4824137931034483
1975,0.21428571428571427,0.12413793103448276
1991,0.07142857142857142,0.8958620689655172
2002,0.35714285714285715,0.9653793103448276
2006,0.0,0.20689655172413793
2007,0.5,0.8274482758620689
2009,0.14285714285714285,0.6886206896551724
2043,0.42857142857142855,0.5310344827586206
2046,0.21428571428571427,0.27482758620689657
2047,0.14285714285714285,0.34448275862068967
2053,0.5714285714285714,0.6203448275862069
2056,0.0,0.25862068965517243
2060,0.21428571428571427,0.3775862068965517
2061,0.5714285714285714,0.826551724137931
2062,0.14285714285714285,0.4127586206896552
2070,0.21428571428571427,0.23448275862068965
2072,0.5714285714285714,0.6886206896551724
2076,0.07142857142857142,0.7582758620689655
2080,0.5,0.5444827586206896
2081,0.07142857142857142,0.606551724137931
2088,0.35714285714285715,0.3375862068965517
2089,0.35714285714285715,0.48172413793103447
2091,0.21428571428571427,0.4341379310344828
2093,0.21428571428571427,0.46551724137931033
2094,0.5714285714285714,0.6196551724137931
2096,0.0,0.27551724137931033
2097,0.0,0.6755172413793104
2098,0.2857142857142857,0.826551724137931
2099,0.35714285714285715,0.48172413793103447
2102,0.5,0.6196551724137931
2120,0.42857142857142855,0.7584827586206897
2122,0.2857142857142857,0.4826206896551724
2124,0.6428571428571429,0.8274482758620689
2125,0.6428571428571429,0.8619310344827587
2126,0.21428571428571427,0.2757241379310345
2128,0.21428571428571427,0.5515862068965517
2130,0.5714285714285714,0.5515862068965517
2131,0.35714285714285715,0.9653793103448276
2133,0.35714285714285715,0.5171034482758621
2134,0.07142857142857142,0.44813793103448274
2135,0.6428571428571429,0.9998620689655172
2136,0.5,0.724
2137,0.6428571428571429,0.9998620689655172
2138,0.2857142857142857,0.3446896551724138
2139,0.2857142857142857,0.6550344827586206
2140,0.2857142857142857,0.620551724137931
2142,0.8571428571428571,0.9653793103448276
2144,0.35714285714285715,0.6895172413793104
2145,0.14285714285714285,0.5515862068965517
2146,0.0,0.4826206896551724
2147,0.5,0.9308965517241379
2148,0.35714285714285715,0.7791724137931034
2149,0.2857142857142857,0.6895172413793104
2150,0.42857142857142855,0.44813793103448274
2151,0.7142857142857143,0.8274482758620689
2152,0.2857142857142857,0.37917241379310346
2153,0.14285714285714285,0.13779310344827586
2154,0.5,0.7929655172413793
2155,0.42857142857142855,0.724
2156,0.07142857142857142,0.8964137931034483
2157,0.5714285714285714,0.4136551724137931
2159,0.42857142857142855,0.8964137931034483
2161,0.5714285714285714,0.9653793103448276
2162,0.35714285714285715,0.620551724137931
2163,0.21428571428571427,0.6895172413793104
2164,0.21428571428571427,0.37917241379310346
2165,0.35714285714285715,0.37917241379310346
2166,0.5,0.8964137931034483
2168,0.5,0.44813793103448274
2170,0.42857142857142855,0.4136551724137931
2172,0.7857142857142857,0.5515862068965517
2173,0.5714285714285714,0.5515862068965517
2175,0.07142857142857142,0.5515862068965517
2176,0.21428571428571427,0.3102068965517241
2178,0.5,0.6895172413793104
2179,0.35714285714285715,0.8964137931034483
2181,0.5,0.5515862068965517
2182,0.42857142857142855,0.9998620689655172
2183,0.07142857142857142,0.724
2188,0.5,0.8964137931034483
2189,0.42857142857142855,0.8964137931034483
2191,0.0,0.5860689655172414
2192,0.2857142857142857,0.620551724137931
2193,0.21428571428571427,0.44813793103448274
2194,0.21428571428571427,0.6895172413793104
2196,0.35714285714285715,0.4136551724137931
2197,0.7142857142857143,0.6895172413793104
2200,0.14285714285714285,0.3102068965517241
2201,0.35714285714285715,0.4826206896551724
2204,0.5,0.9653793103448276
2205,0.14285714285714285,0.4136551724137931
2206,0.35714285714285715,0.5171034482758621
2207,0.21428571428571427,0.4826206896551724
2208,0.21428571428571427,0.5515862068965517
2213,0.21428571428571427,0.18620689655172415
2223,0.5,0.3448275862068966
2230,0.21428571428571427,0.27579310344827584
2240,0.07142857142857142,0.0
2244,0.0,0.2413793103448276
2252,0.35714285714285715,0.3931034482758621
2254,0.35714285714285715,0.3724137931034483
2257,0.42857142857142855,0.4068965517241379
2258,0.35714285714285715,0.3724137931034483
2259,0.35714285714285715,0.4
2274,0.42857142857142855,0.4068965517241379
2288,0.0,0.44820689655172413
2290,0.5714285714285714,0.6551724137931034
2296,0.14285714285714285,0.1103448275862069
2302,0.0,0.27241379310344827
2312,0.6428571428571429,0.4824137931034483
2315,0.5714285714285714,0.6203448275862069
2317,0.2857142857142857,0.20655172413793105
2339,0.21428571428571427,0.3103448275862069
2348,0.2857142857142857,0.5513793103448276
2355,0.5714285714285714,0.6893103448275862
2374,0.2857142857142857,0.6204137931034482
2380,0.21428571428571427,0.44110344827586206
2387,0.7857142857142857,0.9653793103448276
2391,0.7857142857142857,0.9653793103448276
2394,0.8571428571428571,0.8964137931034483
2395,0.35714285714285715,0.5515862068965517
2396,0.07142857142857142,0.620551724137931
2397,0.14285714285714285,0.4826206896551724
2399,0.7857142857142857,0.9653793103448276
2401,0.5714285714285714,0.7584827586206897
2402,0.35714285714285715,0.41379310344827586
2403,0.6428571428571429,0.8964137931034483
2406,0.5,0.5515862068965517
2410,0.14285714285714285,0.41344827586206895
2419,0.5714285714285714,0.9653793103448276
2420,0.5714285714285714,0.620551724137931
2445,0.7142857142857143,0.7998620689655173
2454,0.6428571428571429,0.6203448275862069
2456,0.7857142857142857,0.9653793103448276
2459,0.35714285714285715,0.2343448275862069
2462,0.2857142857142857,0.4136551724137931
2477,0.5714285714285714,0.6203448275862069
2481,0.14285714285714285,0.41344827586206895
2488,0.7142857142857143,0.8620689655172413
2503,0.07142857142857142,0.06896551724137931
2507,0.2857142857142857,0.30344827586206896
2513,0.07142857142857142,0.47586206896551725
2515,0.5714285714285714,0.25482758620689655
2516,0.21428571428571427,0.27551724137931033
2527,0.6428571428571429,0.5928275862068966
2534,0.2857142857142857,0.6204137931034482
2535,0.21428571428571427,0.44110344827586206
2544,0.42857142857142855,0.27551724137931033
2551,0.07142857142857142,0.034482758620689655
2553,0.21428571428571427,0.9651724137931035
2559,0.6428571428571429,0.7927586206896552
2561,0.42857142857142855,0.9651724137931035
2565,0.2857142857142857,0.6893103448275862
2591,0.5714285714285714,0.7237931034482759
2596,0.0,0.18620689655172415
2604,0.5714285714285714,0.5513793103448276
2611,0.14285714285714285,0.2
2619,0.5,0.5858620689655173
2633,0.5,0.8896551724137931
2638,0.6428571428571429,0.3793103448275862
2652,0.14285714285714285,0.6896551724137931
2665,0.07142857142857142,0.27586206896551724
2667,0.6428571428571429,0.8274482758620689
2668,0.6428571428571429,0.8619310344827587
2669,0.21428571428571427,0.2757241379310345
2692,0.14285714285714285,0.0
2713,0.07142857142857142,0.9648275862068966
2716,0.35714285714285715,0.9653793103448276
2726,0.5714285714285714,0.5515862068965517
2732,0.35714285714285715,0.9653793103448276
2734,0.35714285714285715,0.5171034482758621
2738,0.21428571428571427,0.5515862068965517
2739,0.6428571428571429,0.7584827586206897
2740,0.2857142857142857,0.9308965517241379
2742,0.6428571428571429,0.6895172413793104
2744,0.07142857142857142,0.44813793103448274
2745,0.6428571428571429,0.9998620689655172
2746,0.5,0.724
2747,0.6428571428571429,0.9998620689655172
2748,0.2857142857142857,0.3446896551724138
2750,0.2857142857142857,0.6550344827586206
2751,0.2857142857142857,0.620551724137931
2753,0.8571428571428571,0.9653793103448276
2755,0.35714285714285715,0.6895172413793104
2756,0.14285714285714285,0.5515862068965517
2757,0.0,0.4826206896551724
2758,0.5,0.9308965517241379
2759,0.35714285714285715,0.7791724137931034
2760,0.2857142857142857,0.6895172413793104
2761,0.42857142857142855,0.44813793103448274
2762,0.7142857142857143,0.8274482758620689
2763,0.2857142857142857,0.37917241379310346
2764,0.14285714285714285,0.13779310344827586
2765,0.5,0.7929655172413793
2766,0.42857142857142855,0.724
2767,0.07142857142857142,0.8964137931034483
2768,0.5714285714285714,0.4136551724137931
2769,0.42857142857142855,0.8964137931034483
2772,0.5714285714285714,0.9653793103448276
2773,0.35714285714285715,0.620551724137931
2774,0.21428571428571427,0.6895172413793104
2775,0.21428571428571427,0.37917241379310346
2777,0.35714285714285715,0.37917241379310346
2778,0.5,0.8964137931034483
2781,0.5,0.44813793103448274
2783,0.42857142857142855,0.4136551724137931
2785,0.7857142857142857,0.5515862068965517
2786,0.5714285714285714,0.5515862068965517
2788,0.07142857142857142,0.5515862068965517
2789,0.21428571428571427,0.3102068965517241
2791,0.5,0.6895172413793104
2792,0.35714285714285715,0.8964137931034483
2794,0.2857142857142857,0.29310344827586204
2796,0.5,0.5515862068965517
2797,0.42857142857142855,0.9998620689655172
2798,0.07142857142857142,0.724
2803,0.5,0.8964137931034483
2804,0.42857142857142855,0.8964137931034483
2806,0.0,0.5860689655172414
2807,0.2857142857142857,0.620551724137931
2808,0.21428571428571427,0.44813793103448274
2809,0.21428571428571427,0.6895172413793104
2812,0.35714285714285715,0.4136551724137931
2813,0.7142857142857143,0.6895172413793104
2817,0.14285714285714285,0.3102068965517241
2818,0.35714285714285715,0.4826206896551724
2820,0.5,0.9653793103448276
2822,0.14285714285714285,0.4136551724137931
2823,0.35714285714285715,0.5171034482758621
2824,0.21428571428571427,0.4826206896551724
2825,0.21428571428571427,0.5515862068965517
2853,0.5,0.4068965517241379
2859,0.0,0.7582758620689655
2865,0.21428571428571427,0.31
2888,0.14285714285714285,0.4482758620689655
2889,0.6428571428571429,0.9310344827586207
2901,0.35714285714285715,0.35172413793103446
2908,1.0,0.0
2909,0.35714285714285715,0.0
2910,0.14285714285714285,0.3447586206896552
2913,0.6428571428571429,0.926
2917,0.2857142857142857,0.8266206896551724
2924,0.5,0.8520689655172414
2926,0.21428571428571427,0.4826206896551724
2932,0.5,0.7582758620689655
2937,0.5,0.9306896551724138
2945,1.0,0.0
2947,0.2857142857142857,0.4136551724137931
2948,0.2857142857142857,0.4136551724137931
2952,0.6428571428571429,0.4826206896551724
2953,0.7857142857142857,0.9653793103448276
2963,0.35714285714285715,0.0
2966,0.7142857142857143,0.7998620689655173
2985,0.5714285714285714,0.620551724137931
2986,0.5714285714285714,0.9653793103448276
2997,0.5,0.5515862068965517
3000,0.6428571428571429,0.8964137931034483
3001,0.5714285714285714,0.7584827586206897
3003,0.7857142857142857,0.9653793103448276
3004,0.21428571428571427,0.41344827586206895
3006,0.14285714285714285,0.4826206896551724
3007,0.07142857142857142,0.620551724137931
3008,0.35714285714285715,0.5515862068965517
3009,0.8571428571428571,0.8964137931034483
3012,0.7857142857142857,0.9653793103448276
3015,0.7857142857142857,0.9653793103448276
3020,0.07142857142857142,0.3103448275862069
3026,0.42857142857142855,0.9651724137931035
3031,0.21428571428571427,0.7582758620689655
3057,0.6428571428571429,0.4824137931034483
3060,0.0,0.05517241379310345
3063,0.0,0.2413793103448276
3076,0.2857142857142857,0.13793103448275862
3077,0.07142857142857142,0.31724137931034485
3082,0.0,0.3103448275862069
3084,0.21428571428571427,0.5862068965517241
3085,0.6428571428571429,0.896551724137931
3088,0.5714285714285714,0.9551724137931035
3090,0.14285714285714285,0.20682758620689656
3092,0.6428571428571429,0.6548275862068965
3100,0.6428571428571429,0.4824137931034483
3101,0.21428571428571427,0.34448275862068967
3109,0.14285714285714285,0.20689655172413793
3110,0.0,0.2413793103448276
3112,0.21428571428571427,0.7241379310344828
3141,0.21428571428571427,0.4793103448275862
3144,0.5714285714285714,0.4824137931034483
3153,0.5714285714285714,0.6551724137931034
3169,0.0,0.3103448275862069
3170,0.0,0.2413793103448276
3177,0.14285714285714285,0.49310344827586206
3208,0.14285714285714285,0.4479310344827586
3210,0.7857142857142857,0.8896551724137931
3215,1.0,0.0
3230,0.7857142857142857,0.8272413793103448
3237,0.21428571428571427,0.7927586206896552
3238,0.0,0.4479310344827586
3243,0.21428571428571427,0.5513793103448276
3250,0.35714285714285715,0.3793103448275862
3254,0.5714285714285714,0.5513793103448276
3270,0.7857142857142857,0.9653793103448276
3273,0.7857142857142857,0.9653793103448276
3276,0.8571428571428571,0.8964137931034483
3277,0.21428571428571427,0.6895172413793104
3278,0.35714285714285715,0.5515862068965517
3279,0.07142857142857142,0.620551724137931
3280,0.14285714285714285,0.4826206896551724
3283,0.7857142857142857,0.9653793103448276
3285,0.5714285714285714,0.7584827586206897
3286,0.6428571428571429,0.8964137931034483
3289,0.6428571428571429,0.516896551724138
3290,0.5,0.5515862068965517
3303,0.5714285714285714,0.9653793103448276
3304,0.5714285714285714,0.6895172413793104
3305,0.5714285714285714,0.620551724137931
3325,0.0,0.30344827586206896
3326,0.7142857142857143,0.7998620689655173
3330,0.5714285714285714,0.5724137931034483
3331,0.6428571428571429,0.4824137931034483
3343,0.7857142857142857,0.9653793103448276
3344,0.6428571428571429,0.4826206896551724
3348,1.0,0.0
3350,0.2857142857142857,0.4136551724137931
3351,0.42857142857142855,0.46206896551724136
3354,0.5714285714285714,0.6203448275862069
3355,0.2857142857142857,0.43448275862068964
3356,0.5,0.5513793103448276
3357,0.5714285714285714,0.503448275862069
3358,0.7857142857142857,0.7909655172413793
3359,0.42857142857142855,0.3793103448275862
3360,0.35714285714285715,0.3793103448275862
3361,0.5,0.41344827586206895
3362,0.42857142857142855,0.296551724137931
3365,0.42857142857142855,0.5172413793103449
3366,0.21428571428571427,0.296551724137931
3367,0.07142857142857142,0.34448275862068967
3369,0.35714285714285715,0.41344827586206895
3370,0.14285714285714285,0.27551724137931033
3371,0.5714285714285714,0.6413793103448275
3372,0.2857142857142857,0.34448275862068967
3373,0.14285714285714285,0.36551724137931035
3381,0.5714285714285714,0.4824137931034483
3390,0.35714285714285715,0.3931034482758621
3392,0.5,0.27551724137931033
3397,0.6428571428571429,0.8272413793103448
3400,0.5,0.4413793103448276
3418,0.35714285714285715,0.3724137931034483
3419,0.07142857142857142,0.15517241379310345
3421,0.2857142857142857,0.30310344827586205
3423,0.21428571428571427,0.4341379310344828
3427,0.35714285714285715,0.7513793103448276
3429,0.35714285714285715,0.8272413793103448
3435,0.07142857142857142,0.7241379310344828
3440,0.14285714285714285,0.5858620689655173
3442,0.2857142857142857,0.606551724137931
3444,0.42857142857142855,0.8617241379310345
3446,0.5,0.8962068965517241
3448,0.5714285714285714,0.3586206896551724
3455,0.35714285714285715,0.5858620689655173
3458,0.5,0.8479310344827586
3463,0.5714285714285714,0.7789655172413793
3471,0.5714285714285714,0.9306896551724138
3475,0.0,0.37896551724137933
3490,0.14285714285714285,0.4824137931034483
3504,0.07142857142857142,0.1724137931034483
3508,0.2857142857142857,0.09310344827586207
3511,0.5,0.30344827586206896
3515,0.21428571428571427,0.3931034482758621
3516,0.0,0.4724137931034483
3533,0.2857142857142857,0.27551724137931033
3577,0.21428571428571427,0.5515862068965517
3606,0.0,0.20689655172413793
3608,0.5,0.7579310344827587
3616,0.5714285714285714,0.62
3620,0.6428571428571429,0.8613793103448276
3621,0.7142857142857143,0.8268965517241379
3623,0.7857142857142857,0.8958620689655172
3626,0.35714285714285715,0.5510344827586207
3627,0.7142857142857143,0.8448275862068966
3634,0.21428571428571427,0.06896551724137931
3643,0.07142857142857142,0.1513793103448276
3645,0.21428571428571427,0.3793103448275862
3654,0.5,0.6517241379310345
3678,0.35714285714285715,0.2
3682,0.21428571428571427,0.16551724137931034
3689,0.14285714285714285,0.12413793103448276
3696,0.7142857142857143,0.7586206896551724
3701,0.07142857142857142,0.18620689655172415
3704,0.8571428571428571,1.0
3714,0.7857142857142857,0.0
3717,0.2857142857142857,0.0
3718,0.07142857142857142,0.3448275862068966
3733,0.21428571428571427,0.4482758620689655
3755,0.5,0.0
3758,0.7857142857142857,0.0
3762,1.0,0.0
3788,0.0,0.2620689655172414
3803,0.6428571428571429,0.5999310344827586
3806,0.7142857142857143,1.0
3836,0.42857142857142855,0.5379310344827586
3837,0.42857142857142855,0.47586206896551725
3858,0.21428571428571427,0.5344137931034483
3859,0.35714285714285715,0.5510344827586207
3874,0.21428571428571427,0.4131034482758621
3886,0.2857142857142857,0.0
3889,0.07142857142857142,0.2617241379310345
3892,0.07142857142857142,0.41344827586206895
3893,0.14285714285714285,0.5510344827586207
3925,0.2857142857142857,0.4131034482758621
3926,0.5714285714285714,0.8241379310344827
3951,0.35714285714285715,0.5720689655172414
4002,0.35714285714285715,0.0
4005,0.2857142857142857,0.0
4006,0.07142857142857142,0.0
4017,0.0,0.296551724137931
4020,0.42857142857142855,0.0
4028,0.14285714285714285,0.4068965517241379
4042,0.42857142857142855,0.37896551724137933
4043,0.0,0.41344827586206895
4045,0.0,0.37896551724137933
4046,0.2857142857142857,0.4824137931034483
4048,0.35714285714285715,0.5513793103448276
4053,0.35714285714285715,0.33793103448275863
4099,0.2857142857142857,0.6206896551724138
4102,0.21428571428571427,0.44482758620689655
4117,0.5,0.4475862068965517
4131,0.35714285714285715,0.6895862068965517
4168,0.14285714285714285,0.3103448275862069
4174,0.07142857142857142,0.027586206896551724
4197,0.42857142857142855,0.37896551724137933
4229,0.42857142857142855,0.44475862068965516
4235,0.5714285714285714,0.8262068965517242
4236,0.14285714285714285,0.7241379310344828
4242,0.2857142857142857,0.0
4247,0.0,0.5172413793103449
4250,0.42857142857142855,0.0
4277,0.6428571428571429,0.5862068965517241
4284,0.5,0.4413103448275862
4289,0.21428571428571427,0.41379310344827586
4292,0.14285714285714285,0.3303448275862069
4294,0.35714285714285715,0.4482758620689655
4301,0.14285714285714285,0.41344827586206895
4302,0.5714285714285714,0.5513793103448276
4322,0.35714285714285715,0.0
4325,0.0,0.10344827586206896
4338,0.2857142857142857,0.0
4342,0.2857142857142857,0.41379310344827586
4343,0.07142857142857142,0.2617241379310345
4347,0.07142857142857142,0.41344827586206895
4360,0.35714285714285715,0.4826896551724138
4367,0.35714285714285715,0.0
4377,0.07142857142857142,0.2413793103448276
4385,0.42857142857142855,0.0
4391,0.35714285714285715,0.45517241379310347
4397,0.35714285714285715,0.9344827586206896
4404,0.5714285714285714,1.0
4427,0.35714285714285715,0.0
4439,0.5,0.0
4444,0.21428571428571427,0.4689655172413793
4446,0.0,0.12413793103448276
4453,0.5,0.7793103448275862
4458,0.2857142857142857,0.4824137931034483
4461,0.0,0.27579310344827584
4462,0.21428571428571427,0.4820689655172414
4470,0.07142857142857142,0.8964827586206896
4472,0.07142857142857142,0.8964827586206896
4479,0.14285714285714285,0.20689655172413793
4493,0.5,0.5516551724137931
4494,0.6428571428571429,0.6103448275862069
4498,0.5,0.6551724137931034
4499,0.6428571428571429,0.8206896551724138
4501,0.0,0.33793103448275863
4504,0.5714285714285714,0.6137931034482759
4508,0.35714285714285715,0.42758620689655175
4512,0.5,0.0
4528,0.5,0.0
4529,0.2857142857142857,0.41344827586206895
4532,0.07142857142857142,0.2617241379310345
4536,0.07142857142857142,0.41344827586206895
4537,0.6428571428571429,0.0
4540,0.5714285714285714,0.0
4546,0.0,0.27551724137931033
4547,0.42857142857142855,0.4824137931034483
4555,0.2857142857142857,0.31
4590,0.07142857142857142,0.1724137931034483
4594,0.07142857142857142,0.5862068965517241
4597,0.6428571428571429,0.6203448275862069
4598,0.14285714285714285,0.34448275862068967
4599,0.5,0.5513793103448276
4600,0.14285714285714285,0.34448275862068967
4603,0.21428571428571427,0.16551724137931034
4606,0.0,0.4824137931034483
4612,0.0,0.9586206896551724
4632,0.07142857142857142,0.3793103448275862
4634,0.8571428571428571,0.9586206896551724
4638,0.21428571428571427,0.9586206896551724
4677,0.07142857142857142,0.31689655172413794
4679,0.14285714285714285,0.34448275862068967
4680,0.5,0.2410344827586207
4684,0.21428571428571427,0.6203448275862069
4688,0.07142857142857142,0.5862068965517241
4691,0.6428571428571429,0.8137931034482758
4695,0.07142857142857142,0.5862068965517241
4724,0.14285714285714285,0.3931034482758621
4736,0.21428571428571427,0.4824137931034483
4737,0.5,0.6203448275862069
4738,0.21428571428571427,0.5
4740,0.5,0.6724137931034483
4741,0.42857142857142855,0.41344827586206895
4742,0.35714285714285715,0.4482758620689655
4743,0.21428571428571427,0.7241379310344828
4744,0.7142857142857143,0.5482758620689655
4747,0.21428571428571427,0.4793103448275862
4755,0.07142857142857142,0.8206896551724138
4765,0.07142857142857142,0.5862068965517241
4836,0.35714285714285715,0.5482758620689655
4838,0.42857142857142855,0.9310344827586207
4842,0.07142857142857142,0.8931034482758621
4852,0.21428571428571427,0.8206896551724138
4853,0.21428571428571427,0.4689655172413793
4881,0.7142857142857143,0.9586206896551724
4883,0.5714285714285714,0.7206896551724138
4937,0.0,0.3793103448275862
4946,0.35714285714285715,0.3447586206896552
4950,0.14285714285714285,0.4320689655172414
4954,0.21428571428571427,0.15172413793103448
4957,0.07142857142857142,0.34448275862068967
4959,0.5714285714285714,0.6410344827586207
4963,0.14285714285714285,0.34427586206896554
4970,0.07142857142857142,0.4132413793103448
4971,0.21428571428571427,0.37875862068965516
4972,0.9285714285714286,0.9655172413793104
4973,0.7857142857142857,0.9651724137931035
4975,0.21428571428571427,0.5720689655172414
4994,0.0,0.034482758620689655
5009,0.35714285714285715,0.2
5018,0.21428571428571427,0.16551724137931034
5048,0.14285714285714285,0.3448275862068966
5068,0.5,0.9993103448275862
5078,0.2857142857142857,0.723448275862069
5090,0.07142857142857142,0.62
5110,0.35714285714285715,0.3096551724137931
5119,0.2857142857142857,0.27551724137931033
5138,0.42857142857142855,0.5862068965517241
5151,0.5,0.4068965517241379
5178,0.35714285714285715,0.5516551724137931
5190,0.7857142857142857,0.0
5194,1.0,0.0
5196,0.7857142857142857,0.0
5203,0.2857142857142857,0.1724137931034483
5219,0.42857142857142855,0.15172413793103448
5252,0.2857142857142857,0.4826896551724138
5263,0.6428571428571429,0.5999310344827586
5267,0.0,0.1724137931034483
5269,0.0,0.19275862068965519
5270,0.21428571428571427,0.1375862068965517
5280,0.07142857142857142,0.2413793103448276
5291,0.5714285714285714,0.3793103448275862
5315,0.0,0.2
5322,0.5714285714285714,0.9651724137931035
5324,0.21428571428571427,0.5862068965517241
5338,0.2857142857142857,0.2413793103448276
5342,0.5,0.5651724137931035
5354,0.21428571428571427,0.5344137931034483
5355,0.35714285714285715,0.5510344827586207
5372,0.14285714285714285,0.12413793103448276
5373,0.5714285714285714,0.593103448275862
5384,0.21428571428571427,0.37924137931034485
5406,0.2857142857142857,0.47344827586206895
5410,0.35714285714285715,0.5837931034482758
5411,0.7142857142857143,0.5837931034482758
5413,0.21428571428571427,0.4113793103448276
5421,0.6428571428571429,0.46655172413793106
5424,0.5,0.5286206896551724
5436,0.14285714285714285,0.7906896551724137
5450,0.21428571428571427,0.4131034482758621
5468,0.2857142857142857,0.27551724137931033
5470,0.0,0.19275862068965519
5471,0.14285714285714285,0.5510344827586207
5481,0.14285714285714285,0.2206896551724138
5494,0.21428571428571427,0.1723448275862069
5495,0.0,0.19275862068965519
5503,0.6428571428571429,0.9310344827586207
5525,0.2857142857142857,0.4131034482758621
5555,0.0,0.6
5563,0.21428571428571427,0.18620689655172415
5567,0.0,0.1724137931034483
5573,0.35714285714285715,0.5720689655172414
5575,0.07142857142857142,0.2756551724137931
5589,0.0,0.2896551724137931
5590,0.42857142857142855,0.6895862068965517
5593,0.6428571428571429,0.8275862068965517
5603,0.35714285714285715,0.0
5605,0.07142857142857142,0.0
5607,0.07142857142857142,0.19310344827586207
5621,0.5,0.27551724137931033
5622,0.5714285714285714,0.27551724137931033
5623,0.2857142857142857,0.24068965517241378
5624,0.2857142857142857,0.20655172413793105
5625,0.35714285714285715,0.3306896551724138
5628,0.0,0.1724137931034483
5643,0.21428571428571427,0.5789655172413793
5644,0.35714285714285715,0.7582758620689655
5645,0.5714285714285714,0.9651724137931035
5666,0.7857142857142857,0.9651724137931035
5673,0.07142857142857142,0.19310344827586207
5683,0.35714285714285715,0.5862068965517241
5689,0.42857142857142855,0.0
5693,0.21428571428571427,0.14482758620689656
5718,0.42857142857142855,0.21379310344827587
5721,0.07142857142857142,0.29310344827586204
5725,0.0,0.3446206896551724
5727,0.21428571428571427,0.19310344827586207
5737,0.35714285714285715,0.5975862068965517
5738,0.7142857142857143,0.5837931034482758
5740,0.21428571428571427,0.4113793103448276
5751,0.5,0.5286206896551724
5753,0.6428571428571429,0.46655172413793106
5764,0.14285714285714285,0.7906896551724137
5774,0.0,0.31724137931034485
5777,0.5,0.4475862068965517
5779,0.07142857142857142,0.3448275862068966
5781,0.21428571428571427,0.5517241379310345
5784,0.21428571428571427,0.5655172413793104
5787,0.14285714285714285,0.3931034482758621
5788,0.5714285714285714,0.4826896551724138
5790,0.0,0.5172413793103449
5792,0.0,0.5862068965517241
5794,0.2857142857142857,0.27551724137931033
5808,0.7142857142857143,1.0
5854,0.5,0.5651724137931035
5862,0.14285714285714285,0.28620689655172415
5869,0.14285714285714285,0.15172413793103448
5871,0.0,0.19275862068965519
5932,0.0,0.1896551724137931
5945,0.5,0.5103448275862069
5946,0.7142857142857143,0.41379310344827586
5954,0.0,0.43448275862068964
5983,0.42857142857142855,0.44475862068965516
5985,0.21428571428571427,0.24793103448275863
6011,0.5714285714285714,0.8275862068965517
6017,0.5,0.62
6030,0.5,0.32068965517241377
6039,0.35714285714285715,0.0
6076,0.35714285714285715,0.10344827586206896
6080,0.14285714285714285,0.6758620689655173
6099,0.42857142857142855,0.2413793103448276
6116,0.0,0.12413793103448276
6131,0.5,0.4413103448275862
6142,0.5714285714285714,0.9858620689655172
6143,0.35714285714285715,0.7582758620689655
6153,0.35714285714285715,0.33793103448275863
6155,0.07142857142857142,0.4826896551724138
6162,0.2857142857142857,0.2
6165,0.14285714285714285,0.37924137931034485
6166,0.07142857142857142,0.20682758620689656
6168,0.42857142857142855,0.40344827586206894
6177,0.14285714285714285,0.3303448275862069
6187,0.35714285714285715,0.4482758620689655
6192,0.21428571428571427,0.27579310344827584
6195,0.2857142857142857,0.47344827586206895
6199,0.35714285714285715,0.5975862068965517
6200,0.7142857142857143,0.5837931034482758
6207,0.21428571428571427,0.40448275862068966
6213,0.5,0.5286206896551724
6214,0.14285714285714285,0.41344827586206895
6216,0.5714285714285714,0.46655172413793106
6217,0.6428571428571429,0.46655172413793106
6219,0.5,0.4320689655172414
6220,0.35714285714285715,0.34241379310344827
6221,0.35714285714285715,0.4320689655172414
6224,0.07142857142857142,0.26655172413793105
6226,0.14285714285714285,0.7906896551724137
6227,0.5714285714285714,0.5513793103448276
6251,0.35714285714285715,0.0
6267,0.42857142857142855,0.41344827586206895
6302,0.2857142857142857,0.27551724137931033
6319,0.5,0.34448275862068967
6324,0.21428571428571427,0.3793103448275862
6330,0.2857142857142857,0.0
6334,0.5714285714285714,0.0
6340,0.5,0.32068965517241377
6346,0.42857142857142855,0.0
6351,0.21428571428571427,0.5789655172413793
6352,0.2857142857142857,0.7586206896551724
6363,0.5,0.7103448275862069
6406,0.35714285714285715,0.496551724137931
6409,0.21428571428571427,0.5510344827586207
6411,0.6428571428571429,0.0
6429,0.07142857142857142,0.1724137931034483
6432,0.42857142857142855,0.0
6436,0.35714285714285715,0.3447586206896552
6450,0.42857142857142855,0.1724137931034483
6452,0.14285714285714285,0.24117241379310345
6502,0.14285714285714285,0.20655172413793105
6534,0.0,0.27579310344827584
6535,0.21428571428571427,0.4820689655172414
6566,0.0,0.5862068965517241
6567,0.0,0.5172413793103449
6574,0.5714285714285714,0.4826896551724138
6575,0.14285714285714285,0.3931034482758621
6619,0.7142857142857143,0.3786206896551724
6622,0.21428571428571427,0.41344827586206895
6644,0.2857142857142857,0.27551724137931033
6655,0.5,0.0
6663,0.5,0.4479310344827586
6664,0.42857142857142855,0.5444827586206896
6667,0.5,0.0
6669,0.2857142857142857,0.7931034482758621
6681,0.5,0.0
6694,0.35714285714285715,0.9648275862068966
6701,0.7142857142857143,0.0
6703,0.42857142857142855,0.3310344827586207
6705,0.5,0.5827586206896552
6749,0.21428571428571427,0.5510344827586207
6759,0.07142857142857142,0.31724137931034485
6761,0.2857142857142857,0.06551724137931035
6771,0.0,0.22758620689655173
6808,0.2857142857142857,0.3620689655172414
6809,0.35714285714285715,0.3447586206896552
6810,0.2857142857142857,0.5441379310344827
6828,0.35714285714285715,0.5310344827586206
6829,0.42857142857142855,0.4689655172413793
6839,0.35714285714285715,0.25517241379310346
6840,0.5714285714285714,0.4413793103448276
6845,0.5714285714285714,0.4131034482758621
6865,0.14285714285714285,0.2655172413793103
6866,0.6428571428571429,0.8964827586206896
6867,0.35714285714285715,0.3448275862068966
6902,0.21428571428571427,0.5448275862068965
6908,0.6428571428571429,0.6137931034482759
6926,0.21428571428571427,0.37924137931034485
6927,0.7857142857142857,0.4820689655172414
6933,0.07142857142857142,0.41344827586206895
6936,0.0,0.46551724137931033
6937,0.21428571428571427,0.4824137931034483
6939,0.14285714285714285,0.4824137931034483
6949,0.2857142857142857,0.4482758620689655
6950,0.42857142857142855,0.39655172413793105
6966,0.35714285714285715,0.9648275862068966
6967,0.21428571428571427,0.9648275862068966
6968,0.7142857142857143,0.6344827586206897
6995,0.8571428571428571,0.6893103448275862
6996,0.5714285714285714,0.5482758620689655
6999,0.5,0.5827586206896552
7000,0.5,0.3086206896551724
7004,0.6428571428571429,0.5513793103448276
7009,0.8571428571428571,0.9620689655172414
7020,0.21428571428571427,0.3793103448275862
7031,0.2857142857142857,0.5441379310344827
7036,0.42857142857142855,0.6895862068965517
7048,0.35714285714285715,0.7582758620689655
7049,0.2857142857142857,0.8962068965517241
7050,0.35714285714285715,0.5
7051,0.21428571428571427,0.4824137931034483
7052,0.6428571428571429,0.672344827586207
7054,0.5,0.996551724137931
7059,0.35714285714285715,0.2751724137931034
7071,0.42857142857142855,0.5855172413793104
7078,0.07142857142857142,0.31724137931034485
7081,0.42857142857142855,0.37896551724137933
7090,0.35714285714285715,0.5517241379310345
7093,0.5,0.5172413793103449
7094,0.5714285714285714,0.4131034482758621
7096,0.21428571428571427,0.5510344827586207
7101,0.14285714285714285,0.2413793103448276
7112,0.07142857142857142,0.22758620689655173
7113,0.07142857142857142,0.14475862068965517
7114,0.0,0.8620689655172413
7118,0.6428571428571429,0.5896551724137931
7119,0.5714285714285714,0.5858620689655173
7125,0.2857142857142857,0.3620689655172414
7128,0.6428571428571429,0.8964827586206896
7129,0.07142857142857142,0.2706896551724138
7131,0.07142857142857142,0.27413793103448275
7147,0.35714285714285715,0.5310344827586206
7149,0.14285714285714285,0.5516551724137931
7150,0.14285714285714285,0.4103448275862069
7151,0.7142857142857143,0.8272413793103448
7157,0.0,0.46551724137931033
7159,0.14285714285714285,0.4824137931034483
7165,0.2857142857142857,0.4482758620689655
7167,0.42857142857142855,0.4820689655172414
7187,0.7142857142857143,0.6344827586206897
7194,0.42857142857142855,0.6206896551724138
7201,0.5,0.603448275862069
7209,0.07142857142857142,0.06896551724137931
7210,0.35714285714285715,0.2689655172413793
7222,0.7857142857142857,0.9482758620689655
7223,0.6428571428571429,0.5513793103448276
7224,0.8571428571428571,0.6548275862068965
7225,0.5,0.6120689655172413
7227,0.7857142857142857,0.4820689655172414
7232,0.14285714285714285,0.2620689655172414
7237,0.7857142857142857,0.6448275862068965
7259,0.2857142857142857,0.36344827586206896
7263,0.42857142857142855,0.9586206896551724
7264,0.35714285714285715,0.7310344827586207
7265,0.07142857142857142,0.25517241379310346
7276,0.5,0.5827586206896552
7278,0.35714285714285715,0.2655172413793103
7280,0.07142857142857142,0.8964827586206896
7285,0.2857142857142857,0.8962068965517241
7286,0.35714285714285715,0.5
7287,0.21428571428571427,0.4824137931034483
7288,0.6428571428571429,0.672344827586207
7304,0.42857142857142855,0.39655172413793105
7307,0.7142857142857143,0.5958620689655172
7308,0.42857142857142855,0.7241379310344828
7310,0.0,0.5862068965517241
7311,0.21428571428571427,0.5510344827586207
7316,0.8571428571428571,0.6203448275862069
7317,0.14285714285714285,0.0
7319,0.5714285714285714,0.6203448275862069
7320,0.35714285714285715,0.31
7321,0.2857142857142857,0.41344827586206895
7322,0.5,0.37896551724137933
7323,0.21428571428571427,0.4824137931034483
7324,0.21428571428571427,0.37896551724137933
7325,0.2857142857142857,0.6893103448275862
7326,0.5714285714285714,0.5513793103448276
7327,0.5714285714285714,0.4824137931034483
7328,0.5714285714285714,0.5513793103448276
7329,0.42857142857142855,0.8896551724137931
7331,0.2857142857142857,0.34448275862068967
7332,0.21428571428571427,0.34448275862068967
7343,0.5,0.4482758620689655
7364,0.42857142857142855,0.34448275862068967
7384,0.7857142857142857,0.0
7391,0.2857142857142857,0.37924137931034485
7412,0.5,0.0
7417,1.0,0.0
7419,0.7857142857142857,0.0
7421,0.8571428571428571,0.5482758620689655
7428,0.0,0.8275862068965517
7431,0.0,0.2896551724137931
7433,0.5,0.5172413793103449
7436,0.5,0.37896551724137933
7437,0.7142857142857143,0.41344827586206895
7443,0.6428571428571429,0.8964827586206896
7447,0.21428571428571427,0.10344827586206896
7455,0.35714285714285715,0.8275172413793104
7456,0.07142857142857142,0.462
7459,0.14285714285714285,0.9309655172413793
7461,0.14285714285714285,0.8275172413793104
7465,0.07142857142857142,0.7241379310344828
7469,0.5714285714285714,0.9999310344827587
7471,0.14285714285714285,0.10344827586206896
7473,0.14285714285714285,0.41372413793103446
7474,0.42857142857142855,0.5
7477,0.14285714285714285,0.8964827586206896
7479,0.42857142857142855,0.758551724137931
7485,0.21428571428571427,0.8964827586206896
7489,0.35714285714285715,0.862
7491,0.0,0.6895862068965517
7492,0.42857142857142855,0.8275172413793104
7499,0.21428571428571427,0.862
7504,0.42857142857142855,0.5861379310344828
7505,0.2857142857142857,0.6137241379310345
7506,0.35714285714285715,0.5171724137931034
7507,0.5,0.758551724137931
7518,0.7857142857142857,0.8964827586206896
7519,0.42857142857142855,0.7378620689655172
7524,0.5714285714285714,0.6551034482758621
7525,0.21428571428571427,0.758551724137931
7526,0.42857142857142855,0.6068275862068966
7538,0.7142857142857143,0.9654482758620689
7542,0.42857142857142855,0.6895862068965517
7546,0.07142857142857142,0.3448275862068966
7607,0.35714285714285715,0.37896551724137933
7608,0.6428571428571429,0.3310344827586207
7609,0.07142857142857142,0.3310344827586207
7610,0.2857142857142857,0.3310344827586207
7611,0.6428571428571429,0.3310344827586207
7612,0.21428571428571427,0.25517241379310346
7613,0.7142857142857143,0.516896551724138
7615,0.6428571428571429,0.4689655172413793
7622,0.5714285714285714,0.5335172413793103
7623,0.7142857142857143,0.5927586206896551
7625,0.5714285714285714,0.6379310344827587
7668,0.7142857142857143,0.4824137931034483
7695,0.35714285714285715,0.5513793103448276
7697,0.21428571428571427,0.4824137931034483
7698,0.14285714285714285,0.41344827586206895
7700,0.21428571428571427,0.37896551724137933
7721,0.35714285714285715,0.0
7722,0.07142857142857142,0.0
7732,0.42857142857142855,0.0
7746,0.2857142857142857,0.5862068965517241
7747,0.0,0.5862068965517241
7748,0.42857142857142855,0.5241379310344828
7806,0.5714285714285714,0.6893103448275862
7810,0.21428571428571427,0.3310344827586207
7813,0.6428571428571429,0.7517241379310344
7821,0.35714285714285715,0.3103448275862069
7823,0.21428571428571427,0.27551724137931033
7824,0.14285714285714285,0.31
7825,0.7142857142857143,0.5513793103448276
7826,0.42857142857142855,0.4479310344827586
7827,0.35714285714285715,0.31
7830,0.6428571428571429,0.41344827586206895
7831,0.5714285714285714,0.41344827586206895
7838,0.0,0.27551724137931033
7839,0.0,0.15172413793103448
7843,0.07142857142857142,0.4824137931034483
7845,0.42857142857142855,0.6517241379310345
7863,0.2857142857142857,0.0
7865,0.21428571428571427,0.31
7866,0.42857142857142855,0.4824137931034483
7867,0.5,0.516896551724138
7869,0.7142857142857143,0.516896551724138
7870,0.2857142857142857,0.37896551724137933
7876,0.2857142857142857,0.3310344827586207
7877,0.42857142857142855,0.0
7886,0.6428571428571429,0.37924137931034485
7888,0.14285714285714285,0.3102758620689655
7889,0.42857142857142855,0.41344827586206895
7891,0.21428571428571427,0.27551724137931033
7904,0.5,0.516896551724138
7906,0.7142857142857143,0.4824137931034483
7921,0.5,0.6404137931034483
7934,0.35714285714285715,0.0
7943,0.21428571428571427,0.6893103448275862
7950,0.7142857142857143,0.4824137931034483
7955,0.6428571428571429,0.0
7956,0.35714285714285715,0.0
7961,0.42857142857142855,0.0
7968,0.35714285714285715,0.9344827586206896
7980,0.35714285714285715,0.0
7986,0.5,0.0
8010,0.5,0.34448275862068967
8016,0.6428571428571429,0.4479310344827586
8019,0.21428571428571427,0.4479310344827586
8041,0.07142857142857142,0.27551724137931033
8042,0.0,0.25517241379310346
8043,0.35714285714285715,0.41344827586206895
8044,0.14285714285714285,0.27551724137931033
8047,0.14285714285714285,0.7931034482758621
8049,0.5,0.0
8051,0.21428571428571427,0.46827586206896554
8052,0.0,0.10344827586206896
8056,0.5,0.0
8058,0.5,0.4479310344827586
8059,0.5714285714285714,0.0
8062,0.5,0.8273793103448276
8063,0.5,0.0
8064,0.14285714285714285,0.31724137931034485
8091,0.07142857142857142,0.26862068965517244
8115,0.0,0.32413793103448274
8116,0.2857142857142857,0.36551724137931035
8117,0.5714285714285714,0.3793103448275862
8121,0.5,0.46206896551724136
8124,0.14285714285714285,0.15172413793103448
8135,0.5714285714285714,0.3586206896551724
8136,0.5714285714285714,0.3103448275862069
8137,0.5,0.34448275862068967
8140,0.07142857142857142,0.2620689655172414
8141,0.21428571428571427,0.19310344827586207
8156,0.5,0.4413793103448276
8165,0.5,0.5448275862068965
8172,0.42857142857142855,0.4824137931034483
8201,0.35714285714285715,0.6203448275862069
8212,0.35714285714285715,0.9620689655172414
8213,0.2857142857142857,0.3413793103448276
8215,0.5,0.3793103448275862
8216,0.35714285714285715,0.6895862068965517
8234,0.42857142857142855,0.2620689655172414
8235,0.14285714285714285,0.4131034482758621
8238,0.14285714285714285,0.2413793103448276
8239,0.42857142857142855,0.6517241379310345
8247,0.5,0.2620689655172414
8255,0.21428571428571427,0.4824137931034483
8258,0.2857142857142857,0.25517241379310346
8264,0.5714285714285714,0.3586206896551724
8266,0.5714285714285714,0.5172413793103449
8272,0.5,0.3586206896551724
8273,0.35714285714285715,0.3103448275862069
8277,0.35714285714285715,0.9344827586206896
8283,0.07142857142857142,0.3237931034482759
8284,0.07142857142857142,0.10344827586206896
8303,0.5714285714285714,0.41344827586206895
8305,0.5714285714285714,0.3793103448275862
8314,0.07142857142857142,0.8896551724137931
8320,0.5,0.4482758620689655
8336,0.5,0.5172413793103449
8338,0.14285714285714285,0.18620689655172415
8339,0.7857142857142857,0.6895862068965517
8353,0.07142857142857142,0.20344827586206896
8354,0.2857142857142857,0.8962068965517241
8357,0.21428571428571427,0.9651724137931035
8358,0.42857142857142855,0.6203448275862069
8361,0.42857142857142855,0.7582758620689655
8369,0.2857142857142857,0.4482758620689655
8371,0.14285714285714285,0.3448275862068966
8372,0.14285714285714285,0.5517241379310345
8373,0.14285714285714285,0.3448275862068966
8444,0.07142857142857142,0.7517241379310344
8446,0.0,0.12413793103448276
8449,0.14285714285714285,0.2
8453,0.5714285714285714,0.8620689655172413
8457,0.14285714285714285,0.5448275862068965
8462,0.14285714285714285,0.22758620689655173
8476,0.07142857142857142,0.2413793103448276
8487,0.35714285714285715,0.8896551724137931
8502,0.07142857142857142,0.7413793103448276
8509,0.0,0.4826896551724138
8515,0.0,0.15862068965517243
8522,0.42857142857142855,0.4131034482758621
8537,0.5714285714285714,0.5517241379310345
8547,0.2857142857142857,0.3793103448275862
8552,0.07142857142857142,0.29310344827586204
8561,0.35714285714285715,0.2
8564,0.0,0.14482758620689656
8566,0.5714285714285714,0.9310344827586207
8583,0.14285714285714285,0.3793103448275862
8584,0.35714285714285715,0.16551724137931034
8591,0.21428571428571427,0.34448275862068967
8603,0.42857142857142855,0.9172413793103448
8605,0.5714285714285714,0.3793103448275862
8619,0.14285714285714285,0.3793103448275862
8620,0.35714285714285715,0.4824137931034483
8631,0.21428571428571427,0.5448275862068965
8632,0.42857142857142855,0.4827586206896552
8634,0.14285714285714285,0.8082758620689655
8635,0.21428571428571427,0.3103448275862069
8636,0.21428571428571427,0.34448275862068967
8637,0.07142857142857142,0.4879310344827586
8643,0.2857142857142857,0.34448275862068967
8665,0.42857142857142855,0.4068965517241379
8667,0.5714285714285714,0.6482758620689655
8668,0.5,0.5793103448275863
8670,0.14285714285714285,0.6137931034482759
8674,0.21428571428571427,0.896551724137931
8698,0.14285714285714285,0.34448275862068967
8699,0.5,0.27551724137931033
8706,0.5,0.4482758620689655
8754,0.14285714285714285,0.3275862068965517
8755,0.14285714285714285,0.2413793103448276
8759,0.42857142857142855,0.3586206896551724
8762,0.07142857142857142,0.27579310344827584
8771,0.14285714285714285,0.896551724137931
8785,0.2857142857142857,0.27586206896551724
8820,0.5,0.62
8821,0.7142857142857143,0.9993103448275862
8822,0.42857142857142855,0.5510344827586207
8824,0.42857142857142855,0.4475862068965517
8826,0.42857142857142855,0.5855172413793104
8827,0.21428571428571427,0.4475862068965517
8828,0.5,0.7579310344827587
8848,0.7857142857142857,0.0
8877,0.2857142857142857,0.47586206896551725
8878,0.0,0.2206896551724138
8880,0.35714285714285715,0.6203448275862069
8928,0.21428571428571427,0.7517241379310344
8933,0.0,0.3103448275862069
8943,0.5714285714285714,0.6413793103448275
8949,0.2857142857142857,0.20655172413793105
8951,0.07142857142857142,0.1724137931034483
8953,0.0,0.22413793103448276
8954,0.2857142857142857,0.516896551724138
8960,0.5714285714285714,0.4689655172413793
8967,0.07142857142857142,0.39655172413793105
8973,0.5,0.0
8976,0.0,0.20689655172413793
8979,0.35714285714285715,0.0
8982,0.14285714285714285,0.0
8983,0.42857142857142855,0.0
8997,0.35714285714285715,0.8413793103448276
9000,0.2857142857142857,0.7931034482758621
9004,0.5,0.9310344827586207
9005,0.21428571428571427,0.3103448275862069
9010,0.0,0.3793103448275862
9015,0.5714285714285714,0.3413793103448276
9035,0.2857142857142857,0.6893103448275862
9046,0.5,0.8620689655172413
9072,0.14285714285714285,0.25862068965517243
9081,0.42857142857142855,0.47551724137931034
9085,0.21428571428571427,0.27241379310344827
9086,0.2857142857142857,0.24482758620689654
9091,0.14285714285714285,0.3103448275862069
9099,0.5,0.5448275862068965
9111,0.07142857142857142,0.3931034482758621
9116,0.21428571428571427,0.4068965517241379
9117,0.35714285714285715,0.2964827586206897
9123,0.14285714285714285,0.3102758620689655
9139,0.42857142857142855,0.6827586206896552
9157,0.7857142857142857,0.0
9159,0.5,0.0
9160,1.0,0.0
9162,0.5714285714285714,0.45517241379310347
9165,0.42857142857142855,0.6379310344827587
9166,0.6428571428571429,0.7551724137931034
9194,0.07142857142857142,0.6551724137931034
9196,0.21428571428571427,0.3310344827586207
9200,0.5,0.5862068965517241
9207,0.35714285714285715,0.6172413793103448
9232,0.0,0.516896551724138
9233,0.6428571428571429,0.8896551724137931
9236,0.35714285714285715,0.9896551724137931
9239,0.5,0.3689655172413793
9240,0.35714285714285715,0.5310344827586206
9241,0.0,0.3931034482758621
9244,0.6428571428571429,0.993103448275862
9245,0.21428571428571427,0.5310344827586206
9260,0.2857142857142857,0.2413793103448276
9268,0.14285714285714285,0.20655172413793105
9269,0.2857142857142857,0.6203448275862069
9270,0.07142857142857142,0.19655172413793104
9271,0.07142857142857142,0.20655172413793105
9287,0.14285714285714285,0.5448275862068965
9289,0.35714285714285715,0.8896551724137931
9306,0.07142857142857142,0.18620689655172415
9314,0.6428571428571429,0.6551724137931034
9316,0.7857142857142857,0.6137931034482759
9317,0.7142857142857143,0.7931034482758621
9318,0.6428571428571429,0.9586206896551724
9319,0.7142857142857143,0.8206896551724138
9322,0.7857142857142857,0.6827586206896552
9324,0.8571428571428571,0.7241379310344828
9325,0.21428571428571427,0.39655172413793105
9327,0.5714285714285714,0.8896551724137931
9332,0.7142857142857143,0.9586206896551724
9334,0.07142857142857142,0.40655172413793106
9346,0.0,0.19310344827586207
9355,0.07142857142857142,0.5413793103448276
9360,0.35714285714285715,0.2413793103448276
9367,0.14285714285714285,0.8082758620689655
9378,0.2857142857142857,0.3448275862068966
9380,0.2857142857142857,0.34448275862068967
9383,0.5,0.9379310344827586
9385,0.42857142857142855,0.6931034482758621
9386,0.35714285714285715,0.4824137931034483
9388,0.14285714285714285,0.3793103448275862
9422,0.5714285714285714,0.5086206896551724
9423,0.7142857142857143,0.3335862068965517
9425,0.0,0.46206896551724136
9429,0.42857142857142855,0.4827586206896552
9430,0.5,0.5224137931034483
9469,0.35714285714285715,0.5862068965517241
9479,0.07142857142857142,0.7586206896551724
9483,0.21428571428571427,0.2206896551724138
9497,0.42857142857142855,0.4103448275862069
9500,0.6428571428571429,0.7586206896551724
9506,0.7142857142857143,0.9586206896551724
9511,0.14285714285714285,0.1724137931034483
9530,0.14285714285714285,0.7586206896551724
9535,0.5714285714285714,0.4068965517241379
9541,0.42857142857142855,0.41379310344827586
9559,0.35714285714285715,0.8896551724137931
9565,0.35714285714285715,0.2620689655172414
9591,0.21428571428571427,0.27241379310344827
9611,0.21428571428571427,0.3793103448275862
9617,0.42857142857142855,0.3793103448275862
9619,0.07142857142857142,0.4827586206896552
9621,0.07142857142857142,0.05172413793103448
9638,0.14285714285714285,0.7931034482758621
9644,0.21428571428571427,0.19310344827586207
9658,0.0,0.6206896551724138
9669,0.35714285714285715,0.5510344827586207
9673,0.7857142857142857,0.5510344827586207
9678,0.5714285714285714,0.7579310344827587
9691,0.5,0.3103448275862069
9697,0.9285714285714286,0.9637241379310345
9698,0.0,0.20655172413793105
9711,0.7857142857142857,0.6895862068965517
9738,0.5714285714285714,0.593103448275862
9739,0.14285714285714285,0.44820689655172413
9740,0.21428571428571427,0.22751724137931034
9744,0.0,0.20689655172413793
9776,0.21428571428571427,0.5655172413793104
9777,0.0,0.8275862068965517
9786,0.21428571428571427,0.6206896551724138
9808,0.35714285714285715,0.4482758620689655
9817,0.14285714285714285,0.37896551724137933
9821,0.14285714285714285,0.20689655172413793
9822,0.0,0.516896551724138
9838,0.14285714285714285,0.7241379310344828
9841,0.07142857142857142,0.3103448275862069
9847,0.14285714285714285,0.593103448275862
9863,0.2857142857142857,0.41344827586206895
9865,0.07142857142857142,0.31
9866,0.42857142857142855,0.31
9867,0.2857142857142857,0.2410344827586207
9869,0.2857142857142857,0.41344827586206895
9879,0.42857142857142855,0.2482758620689655
9880,0.5714285714285714,0.3448275862068966
9887,0.42857142857142855,0.4824137931034483
9889,0.07142857142857142,0.34448275862068967
9902,0.2857142857142857,0.6203448275862069
9911,0.35714285714285715,0.27551724137931033
9914,0.14285714285714285,0.34448275862068967
9921,0.07142857142857142,0.2206896551724138
9924,0.7857142857142857,1.0
9954,0.5,0.7206896551724138
9964,0.35714285714285715,0.41379310344827586
10046,0.21428571428571427,0.45482758620689656
10074,0.5,0.0
10076,0.0,0.20689655172413793
10083,0.14285714285714285,0.0
10087,0.42857142857142855,0.0
10095,0.5,0.36551724137931035
10105,0.7142857142857143,0.43448275862068964
10130,0.07142857142857142,0.6206896551724138
10140,0.0,0.7241379310344828
10144,0.21428571428571427,0.6203448275862069
10151,0.07142857142857142,0.1724137931034483
10152,0.21428571428571427,0.1724137931034483
10179,0.7857142857142857,0.7582758620689655
10196,0.0,0.4482758620689655
10258,0.0,0.6206896551724138
10270,0.21428571428571427,0.41379310344827586
10324,0.42857142857142855,0.4482758620689655
10354,0.42857142857142855,0.9310344827586207
10361,0.2857142857142857,0.5689655172413793
10362,0.14285714285714285,0.6062068965517241
10371,0.35714285714285715,0.3793103448275862
10385,0.14285714285714285,1.0
10391,0.07142857142857142,0.7448275862068966
10395,0.35714285714285715,0.6551724137931034
10397,0.21428571428571427,0.9653793103448276
10398,0.5714285714285714,0.516896551724138
10423,0.5714285714285714,0.6896551724137931
10429,0.5,0.27551724137931033
10431,0.35714285714285715,0.2413793103448276
10439,0.0,0.1724137931034483
10480,0.5,0.6
10501,0.21428571428571427,0.2206896551724138
10504,0.42857142857142855,0.4482758620689655
10505,0.2857142857142857,0.27586206896551724
10506,0.14285714285714285,0.4131034482758621
10507,0.35714285714285715,0.62
10510,0.35714285714285715,0.4820689655172414
10511,0.42857142857142855,0.5510344827586207
10514,0.35714285714285715,0.6544827586206896
10515,0.6428571428571429,0.8268965517241379
10525,0.07142857142857142,1.0
10573,0.35714285714285715,0.0
10582,0.14285714285714285,0.34413793103448276
10610,0.14285714285714285,0.4475862068965517
10612,0.07142857142857142,0.20655172413793105
10613,0.07142857142857142,0.0
10619,0.2857142857142857,0.34448275862068967
10626,0.2857142857142857,0.20655172413793105
10651,0.42857142857142855,0.5448275862068965
10653,0.07142857142857142,0.39655172413793105
10664,0.42857142857142855,0.0
10672,0.14285714285714285,0.2
10676,0.35714285714285715,0.47551724137931034
10701,0.21428571428571427,0.7586206896551724
10711,0.35714285714285715,0.8689655172413793
10714,0.42857142857142855,0.8931034482758621
10720,0.21428571428571427,0.4068965517241379
10721,0.21428571428571427,0.44482758620689655
10722,0.21428571428571427,0.3758620689655172
10725,0.5,0.4068965517241379
10731,0.07142857142857142,0.20689655172413793
10732,0.6428571428571429,0.4482758620689655
10738,0.14285714285714285,0.2413793103448276
10740,0.35714285714285715,0.4068965517241379
10759,0.7857142857142857,0.6895862068965517
10785,0.0,0.6551724137931034
10789,0.42857142857142855,0.8620689655172413
10797,0.42857142857142855,0.0
10798,0.21428571428571427,0.14482758620689656
10799,0.42857142857142855,0.9172413793103448
10800,0.5714285714285714,0.48220689655172416
10803,0.07142857142857142,0.4879310344827586
10804,0.42857142857142855,0.6931034482758621
10807,0.14285714285714285,0.13793103448275862
10809,0.21428571428571427,0.14482758620689656
10813,0.14285714285714285,0.8082758620689655
10814,0.14285714285714285,0.3793103448275862
10820,0.21428571428571427,0.34448275862068967
10821,0.6428571428571429,0.7639310344827587
10825,0.2857142857142857,0.34448275862068967
10826,0.7142857142857143,0.7517241379310344
10833,0.07142857142857142,0.20655172413793105
10836,0.5714285714285714,0.5086206896551724
10837,0.14285714285714285,0.4824137931034483
10841,0.07142857142857142,0.19655172413793104
10853,0.0,0.3103448275862069
10870,0.07142857142857142,0.34448275862068967
10873,0.14285714285714285,0.3448275862068966
10874,0.35714285714285715,0.4824137931034483
10876,0.14285714285714285,0.3448275862068966
10877,0.2857142857142857,0.21379310344827587
10878,0.0,0.22413793103448276
10879,0.14285714285714285,0.5517241379310345
10880,0.0,0.3793103448275862
10881,0.35714285714285715,0.3448275862068966
10882,0.0,0.1896551724137931
10883,0.21428571428571427,0.25862068965517243
10906,0.5714285714285714,0.5344827586206896
10949,0.07142857142857142,0.20655172413793105
10951,0.07142857142857142,0.2206896551724138
10977,0.0,0.19310344827586207
10989,0.21428571428571427,0.6206896551724138
10998,0.21428571428571427,0.33655172413793105
10999,0.5,0.5224137931034483
11004,0.07142857142857142,0.4131034482758621
11006,0.5714285714285714,0.5086206896551724
11015,0.5714285714285714,0.3793103448275862
11016,0.21428571428571427,0.3103448275862069
11018,0.14285714285714285,0.0
11053,0.0,0.20689655172413793
11057,0.5714285714285714,0.41344827586206895
11058,0.21428571428571427,0.34448275862068967
11059,0.14285714285714285,0.6551724137931034
11063,0.14285714285714285,0.34448275862068967
11064,0.0,0.5517241379310345
11075,0.2857142857142857,0.3103448275862069
11077,0.35714285714285715,0.42758620689655175
11084,0.35714285714285715,0.0
11114,0.5,0.0
11122,0.6428571428571429,0.7241379310344828
11123,0.42857142857142855,0.8896551724137931
11167,0.5714285714285714,0.41344827586206895
11169,0.21428571428571427,0.3103448275862069
11182,0.0,0.5441379310344827
11185,0.07142857142857142,0.38620689655172413
11189,0.21428571428571427,0.4824137931034483
11199,0.14285714285714285,0.8275862068965517
11206,0.42857142857142855,0.9172413793103448
11207,0.07142857142857142,0.4879310344827586
11214,0.42857142857142855,0.4827586206896552
11215,0.21428571428571427,0.34448275862068967
11220,0.21428571428571427,0.17758620689655172
11233,0.5714285714285714,0.3793103448275862
11234,0.21428571428571427,0.4482758620689655
11241,0.21428571428571427,0.3586206896551724
11249,0.35714285714285715,0.4824137931034483
11255,0.7857142857142857,0.42931034482758623
11263,0.7857142857142857,0.6137931034482759
11265,0.7142857142857143,0.3335862068965517
11266,0.21428571428571427,0.6186206896551724
11285,0.07142857142857142,0.1724137931034483
11287,0.21428571428571427,0.41344827586206895
11288,0.5714285714285714,0.9651724137931035
11296,0.0,0.20689655172413793
11297,0.5,0.3447586206896552
11301,0.42857142857142855,0.6068965517241379
11309,0.2857142857142857,0.7241379310344828
11320,0.14285714285714285,0.2
11338,0.0,0.2344137931034483
11341,0.0,0.5379310344827586
11345,0.21428571428571427,0.4068965517241379
11392,0.7857142857142857,0.6896551724137931
11426,0.0,0.5517241379310345
11430,0.6428571428571429,0.7931034482758621
11441,0.07142857142857142,0.2206896551724138
11443,0.35714285714285715,0.27579310344827584
11445,0.14285714285714285,0.22413793103448276
11448,0.2857142857142857,0.2689655172413793
11452,0.6428571428571429,0.0
11478,0.5714285714285714,0.3724137931034483
11484,0.5714285714285714,0.5648275862068965
11487,0.07142857142857142,0.3586206896551724
11488,0.07142857142857142,0.34448275862068967
11498,0.7857142857142857,0.9651724137931035
11518,0.7142857142857143,0.6431034482758621
11554,0.5714285714285714,0.6410344827586207
11563,0.21428571428571427,0.5720689655172414
11566,0.07142857142857142,0.4827586206896552
11567,0.0,0.4482758620689655
11571,0.2857142857142857,0.5379310344827586
11584,0.07142857142857142,0.3
11589,0.0,0.13793103448275862
11590,0.14285714285714285,0.7582758620689655
11597,0.42857142857142855,0.48137931034482756
11601,0.6428571428571429,0.6893103448275862
11606,0.07142857142857142,0.41344827586206895
11608,0.35714285714285715,0.4824137931034483
11618,0.0,0.2206896551724138
11620,0.35714285714285715,0.2
11632,0.07142857142857142,0.1724137931034483
11635,0.21428571428571427,0.16551724137931034
11650,0.7142857142857143,0.6206896551724138
11655,0.5,0.0
11669,0.42857142857142855,0.9654482758620689
11676,0.0,0.38310344827586207
11693,0.21428571428571427,0.5448275862068965
11701,0.07142857142857142,0.2396551724137931
11715,0.21428571428571427,0.4479310344827586
11717,0.35714285714285715,0.4479310344827586
11718,0.7142857142857143,0.7582758620689655
11732,0.5,0.4482758620689655
11739,0.7857142857142857,0.0
11741,0.35714285714285715,0.4820689655172414
11755,0.0,0.2896551724137931
11768,0.14285714285714285,0.2
11784,0.8571428571428571,1.0
11785,0.0,0.27579310344827584
11787,0.0,0.26889655172413796
11801,0.14285714285714285,0.3310344827586207
11810,0.2857142857142857,0.20344827586206896
11830,0.2857142857142857,0.5655172413793104
11837,0.5,0.3103448275862069
11857,0.07142857142857142,0.15172413793103448
11881,0.07142857142857142,0.1793103448275862
11924,0.5,0.36551724137931035
11938,0.7857142857142857,0.9482758620689655
11945,0.21428571428571427,1.0
11956,0.35714285714285715,0.5862068965517241
11964,0.5714285714285714,0.37896551724137933
12077,1.0,0.0
12084,0.9285714285714286,0.0
12088,0.9285714285714286,0.0
12117,0.35714285714285715,0.2413103448275862
12118,0.07142857142857142,0.13786206896551725
12129,0.0,0.37896551724137933
12153,0.7142857142857143,0.7582758620689655
12182,0.21428571428571427,0.4479310344827586
12183,0.0,0.27586206896551724
12186,0.35714285714285715,0.4479310344827586
12194,0.35714285714285715,0.19310344827586207
12237,0.5,0.27579310344827584
12244,0.0,0.12413793103448276
12254,0.7142857142857143,0.5513793103448276
12325,0.2857142857142857,0.7931034482758621
12328,0.14285714285714285,0.4068965517241379
12330,0.0,0.6896551724137931
12337,0.14285714285714285,0.06551724137931035
12344,0.14285714285714285,0.06896551724137931
12348,0.21428571428571427,0.3447586206896552
12354,0.07142857142857142,0.5379310344827586
12379,0.14285714285714285,0.5517241379310345
12404,0.5,0.41344827586206895
12405,0.35714285714285715,0.3448275862068966
12412,0.14285714285714285,0.5031034482758621
12433,0.0,0.2344137931034483
12434,0.21428571428571427,0.3793103448275862
12435,0.35714285714285715,0.5241379310344828
12437,0.21428571428571427,0.19310344827586207
12448,0.21428571428571427,0.262
12452,0.14285714285714285,0.6827586206896552
12467,0.5,0.3310344827586207
12477,0.5714285714285714,0.9651724137931035
12479,0.5,0.5651724137931035
12483,0.5,0.6617241379310345
12496,0.42857142857142855,0.6824137931034483
12506,0.14285714285714285,0.27586206896551724
12511,0.14285714285714285,0.19310344827586207
12516,0.7857142857142857,0.7513793103448276
12517,0.5,0.6893103448275862
12519,0.8571428571428571,0.8962068965517241
12520,0.6428571428571429,0.8065517241379311
12522,0.9285714285714286,0.9586206896551724
12523,0.35714285714285715,0.6203448275862069
12524,0.5714285714285714,0.6203448275862069
12525,0.35714285714285715,0.516896551724138
12529,0.14285714285714285,0.6137931034482759
12532,0.2857142857142857,0.6137931034482759
12554,0.21428571428571427,0.6413793103448275
12558,0.14285714285714285,0.3793103448275862
12591,0.21428571428571427,0.018275862068965518
12595,0.42857142857142855,0.41344827586206895
12614,0.2857142857142857,0.7582758620689655
12629,0.14285714285714285,0.20689655172413793
12633,0.35714285714285715,0.27579310344827584
12645,0.5714285714285714,0.6548275862068965
12653,0.35714285714285715,0.4479310344827586
12654,0.7142857142857143,0.9551724137931035
12663,0.0,0.35172413793103446
12689,0.0,0.1724137931034483
12690,0.7142857142857143,0.7582758620689655
12729,0.2857142857142857,0.4617241379310345
12730,0.14285714285714285,0.4413793103448276
12735,0.7142857142857143,0.8272413793103448
12742,0.14285714285714285,0.2
12769,0.0,0.15172413793103448
12778,0.0,0.5172413793103449
12783,0.21428571428571427,0.25862068965517243
12784,0.35714285714285715,0.4482758620689655
12809,0.42857142857142855,0.503448275862069
12833,0.07142857142857142,0.6548275862068965
12852,0.07142857142857142,0.6893103448275862
12855,0.14285714285714285,0.1793103448275862
12859,0.42857142857142855,0.41344827586206895
12861,0.7142857142857143,0.8962068965517241
12866,0.0,0.8962068965517241
12875,0.0,0.3586206896551724
12880,0.7857142857142857,0.0
12882,0.7857142857142857,0.9651724137931035
12886,0.21428571428571427,0.5513793103448276
12904,0.7142857142857143,0.7241379310344828
12918,0.5714285714285714,0.9655172413793104
13007,0.14285714285714285,0.3793103448275862
13008,0.14285714285714285,0.31724137931034485
13022,0.07142857142857142,0.8958620689655172
13042,0.14285714285714285,0.5862068965517241
13048,0.2857142857142857,0.5517241379310345
13054,0.07142857142857142,0.3448275862068966
13067,0.07142857142857142,0.3724137931034483
13134,0.7857142857142857,0.0
13162,0.07142857142857142,0.41344827586206895
13164,0.2857142857142857,0.6203448275862069
13165,0.0,0.41344827586206895
13170,0.21428571428571427,0.5240689655172414
13252,0.5714285714285714,0.4689655172413793
13282,0.21428571428571427,0.5789655172413793
13283,0.35714285714285715,0.7582758620689655
13284,0.5714285714285714,0.9651724137931035
13287,0.2857142857142857,0.41372413793103446
13335,0.0,0.2413793103448276
13338,0.5,0.4827586206896552
13349,0.21428571428571427,0.9379310344827586
13353,0.14285714285714285,0.19310344827586207
13354,0.7857142857142857,0.9651724137931035
13357,0.5714285714285714,0.7582758620689655
13367,0.0,0.2413793103448276
13368,0.14285714285714285,0.3310344827586207
13397,0.21428571428571427,0.14482758620689656
13408,0.2857142857142857,0.5792413793103448
13410,0.42857142857142855,0.0
13415,0.14285714285714285,0.8962068965517241
13420,0.07142857142857142,0.5513793103448276
13421,0.07142857142857142,0.6893103448275862
13422,0.14285714285714285,0.6206896551724138
13423,0.42857142857142855,0.21379310344827587
13429,0.6428571428571429,0.44620689655172413
13432,0.14285714285714285,0.27379310344827584
13433,0.7142857142857143,0.44620689655172413
13436,0.6428571428571429,0.4806896551724138
13448,0.7857142857142857,0.5496551724137931
13453,0.2857142857142857,0.3427586206896552
13455,0.14285714285714285,0.27379310344827584
13457,0.07142857142857142,0.2393103448275862
13458,0.7142857142857143,0.5841379310344827
13463,0.5,0.27379310344827584
13468,0.8571428571428571,0.6186206896551724
13469,0.0,0.27379310344827584
13473,0.5,0.20689655172413793
13485,0.21428571428571427,0.4
13488,0.35714285714285715,0.4103448275862069
13489,0.14285714285714285,0.5516551724137931
13490,0.35714285714285715,0.6206206896551724
13491,0.2857142857142857,0.5103448275862069
13492,0.07142857142857142,0.2413793103448276
13495,0.07142857142857142,0.22413793103448276
13498,0.42857142857142855,0.7931034482758621
13499,0.07142857142857142,0.496551724137931
13503,0.2857142857142857,0.4
13512,0.35714285714285715,0.0
13532,0.07142857142857142,0.29310344827586204
13566,0.0,0.08620689655172414
13567,0.7142857142857143,0.5706206896551724
13574,0.21428571428571427,0.19310344827586207
13605,0.14285714285714285,0.2689655172413793
13638,0.42857142857142855,0.7586206896551724
13676,0.21428571428571427,0.23448275862068965
13680,0.07142857142857142,0.0
13687,0.42857142857142855,0.7582758620689655
13697,0.7142857142857143,0.6203448275862069
13700,0.6428571428571429,0.7582758620689655
13718,0.8571428571428571,0.8620689655172413
13726,0.2857142857142857,0.1724137931034483
13736,0.5714285714285714,0.8593103448275862
13752,0.42857142857142855,0.6203448275862069
13818,0.5714285714285714,0.3724137931034483
13822,0.14285714285714285,0.25517241379310346
13826,0.07142857142857142,0.3448275862068966
13855,0.5,0.5651724137931035
13859,0.35714285714285715,0.2896551724137931
13863,0.0,0.9655172413793104
13877,0.5714285714285714,0.6206896551724138
13899,0.21428571428571427,0.44820689655172413
13964,0.14285714285714285,0.7168965517241379
13974,0.14285714285714285,0.2
13995,0.14285714285714285,0.3448275862068966
14001,0.5,0.3103448275862069
14020,0.14285714285714285,0.36551724137931035
14029,0.35714285714285715,0.6893103448275862
14066,0.07142857142857142,0.9648275862068966
14082,0.6428571428571429,0.8272413793103448
14137,0.42857142857142855,0.7706896551724138
14160,0.21428571428571427,0.1724137931034483
14182,0.07142857142857142,0.25862068965517243
14205,0.07142857142857142,0.1103448275862069
14217,0.07142857142857142,0.3447586206896552
14219,0.42857142857142855,0.3758620689655172
14234,0.2857142857142857,0.0
14241,0.8571428571428571,1.0
14244,0.14285714285714285,0.2
14251,0.35714285714285715,0.3103448275862069
14253,0.5714285714285714,0.516551724137931
14261,0.2857142857142857,0.34448275862068967
14264,0.5,0.5513793103448276
14265,0.5,0.6896551724137931
14266,0.5,0.7241379310344828
14267,0.6428571428571429,0.4689655172413793
14269,0.35714285714285715,0.5172413793103449
14272,0.5,0.9241379310344827
14275,0.6428571428571429,0.3758620689655172
14285,0.42857142857142855,0.620551724137931
14286,0.2857142857142857,0.9651724137931035
14293,0.42857142857142855,0.4820689655172414
14296,0.7857142857142857,0.4820689655172414
14298,0.5714285714285714,0.5372413793103449
14344,0.42857142857142855,0.6206896551724138
14372,0.7857142857142857,0.0
14373,0.5,0.5448275862068965
14386,0.42857142857142855,0.3096551724137931
14388,0.6428571428571429,0.4475862068965517
14389,0.5714285714285714,0.4475862068965517
14393,0.42857142857142855,0.34413793103448276
14417,0.5,0.7241379310344828
14428,0.7857142857142857,0.0
14434,0.07142857142857142,0.19551724137931034
14437,0.2857142857142857,0.6889655172413793
14439,0.14285714285714285,0.5855172413793104
14443,0.35714285714285715,0.34413793103448276
14445,0.0,0.4827586206896552
14457,0.2857142857142857,0.4482758620689655
14474,0.5,0.5513793103448276
14477,0.0,0.37924137931034485
14479,0.2857142857142857,0.41372413793103446
14480,0.21428571428571427,0.41372413793103446
14481,0.7857142857142857,0.5513793103448276
14483,0.14285714285714285,0.27551724137931033
14484,0.7142857142857143,0.5513793103448276
14485,0.5714285714285714,0.4824137931034483
14486,0.7857142857142857,0.6893103448275862
14487,0.5714285714285714,0.41344827586206895
14488,0.2857142857142857,0.8962068965517241
14508,0.14285714285714285,0.20689655172413793
14510,0.8571428571428571,0.6544827586206896
14512,0.5,0.4131034482758621
14514,0.42857142857142855,0.5513793103448276
14515,0.21428571428571427,0.27551724137931033
14519,0.6428571428571429,0.62
14520,0.6428571428571429,0.34413793103448276
14522,0.07142857142857142,0.2413793103448276
14524,0.35714285714285715,0.4824137931034483
14528,0.21428571428571427,0.33793103448275863
14533,0.21428571428571427,0.34448275862068967
14540,0.14285714285714285,0.34448275862068967
14541,0.14285714285714285,0.41344827586206895
14550,0.14285714285714285,0.27551724137931033
14552,0.14285714285714285,0.8962068965517241
14553,0.35714285714285715,0.41344827586206895
14555,0.14285714285714285,0.19310344827586207
14557,0.42857142857142855,0.43103448275862066
14564,0.07142857142857142,0.16551724137931034
14579,0.14285714285714285,0.3931034482758621
14582,0.35714285714285715,0.5379310344827586
14585,0.2857142857142857,0.3793103448275862
14612,0.14285714285714285,0.13793103448275862
14619,0.14285714285714285,0.4824137931034483
14625,0.5,0.46206896551724136
14634,0.7857142857142857,0.8272413793103448
14645,0.07142857142857142,0.24068965517241378
14646,0.5,0.5510344827586207
14647,0.2857142857142857,0.24068965517241378
14649,0.21428571428571427,0.6889655172413793
14660,0.07142857142857142,0.4482758620689655
14671,0.0,0.41344827586206895
14672,0.5,0.6203448275862069
14674,0.14285714285714285,0.7582758620689655
14678,0.42857142857142855,0.9651724137931035
14679,0.0,0.5513793103448276
14680,0.42857142857142855,0.4824137931034483
14681,0.5,0.8272413793103448
14682,0.2857142857142857,0.4824137931034483
14683,0.6428571428571429,0.4824137931034483
14691,0.07142857142857142,0.5861379310344828
14699,0.5714285714285714,0.593103448275862
14700,0.7142857142857143,0.6655172413793103
14701,0.6428571428571429,0.7582758620689655
14703,0.5,0.6203448275862069
14704,0.2857142857142857,0.4482758620689655
14709,0.35714285714285715,0.6203448275862069
14730,0.21428571428571427,0.4103448275862069
14731,0.14285714285714285,0.6862068965517242
14754,0.8571428571428571,0.896551724137931
14767,0.5714285714285714,0.4475862068965517
14771,0.42857142857142855,0.3096551724137931
14774,0.14285714285714285,0.3096551724137931
14775,0.5,0.24068965517241378
14777,0.5,0.3786206896551724
14798,0.21428571428571427,0.2689655172413793
14810,0.5714285714285714,0.5275862068965518
14832,0.14285714285714285,0.3103448275862069
14833,0.14285714285714285,0.2751724137931034
14836,0.42857142857142855,0.4475862068965517
14837,0.35714285714285715,0.3786206896551724
14838,0.5,0.2751724137931034
14840,0.6428571428571429,0.516551724137931
14842,0.0,0.24068965517241378
14843,0.21428571428571427,0.2751724137931034
14844,0.35714285714285715,0.4131034482758621
14845,0.6428571428571429,0.4475862068965517
14846,0.35714285714285715,0.5510344827586207
14847,0.21428571428571427,0.5510344827586207
14848,0.42857142857142855,0.516551724137931
14849,0.35714285714285715,0.41344827586206895
14850,0.5714285714285714,0.41344827586206895
14852,0.42857142857142855,0.42758620689655175
14866,0.6428571428571429,0.41344827586206895
14867,0.6428571428571429,0.43448275862068964
14868,0.5714285714285714,0.3103448275862069
14869,0.07142857142857142,0.2896551724137931
14870,0.5714285714285714,0.5172413793103449
14871,0.6428571428571429,0.5310344827586206
14887,0.5714285714285714,0.4068965517241379
14888,0.2857142857142857,0.4341379310344828
14890,0.42857142857142855,0.516551724137931
14896,0.35714285714285715,0.0
14897,0.21428571428571427,0.24068965517241378
14898,0.5,0.4131034482758621
14901,0.07142857142857142,0.0
14903,0.2857142857142857,0.24068965517241378
14905,0.14285714285714285,0.2751724137931034
14906,0.7142857142857143,0.62
14908,0.07142857142857142,0.24068965517241378
14909,0.14285714285714285,0.2751724137931034
14910,0.5714285714285714,0.516551724137931
14911,0.5,0.2751724137931034
14913,0.21428571428571427,0.3096551724137931
14914,0.5714285714285714,0.4131034482758621
14915,0.21428571428571427,0.34413793103448276
14918,0.5714285714285714,0.516551724137931
14919,0.2857142857142857,0.4475862068965517
14921,0.2857142857142857,0.5510344827586207
14922,0.5714285714285714,0.3096551724137931
14926,0.35714285714285715,0.4475862068965517
14927,0.7142857142857143,0.4475862068965517
14928,0.07142857142857142,0.34413793103448276
14929,0.5,0.62
14932,0.7142857142857143,0.5510344827586207
14948,0.42857142857142855,0.0
14957,0.14285714285714285,0.8962068965517241
14958,0.35714285714285715,0.41344827586206895
14961,0.14285714285714285,0.19310344827586207
14963,0.42857142857142855,0.5513793103448276
14964,0.21428571428571427,0.27551724137931033
14965,0.35714285714285715,0.4824137931034483
14966,0.21428571428571427,0.34448275862068967
14967,0.14285714285714285,0.27551724137931033
14968,0.14285714285714285,0.34448275862068967
14969,0.14285714285714285,0.41344827586206895
14982,0.5714285714285714,0.5172413793103449
14992,0.35714285714285715,0.41344827586206895
14993,0.07142857142857142,0.3375862068965517
14996,0.14285714285714285,0.4824137931034483
15001,0.6428571428571429,0.6203448275862069
15002,0.35714285714285715,0.5513793103448276
15009,0.07142857142857142,0.41344827586206895
15013,0.21428571428571427,0.4824137931034483
15014,0.2857142857142857,0.41344827586206895
15018,0.5714285714285714,0.6893103448275862
15021,0.14285714285714285,0.6203448275862069
15024,0.14285714285714285,0.6893103448275862
15031,0.5714285714285714,0.6203448275862069
15033,0.5714285714285714,0.4824137931034483
15045,0.42857142857142855,0.21379310344827587
15078,0.07142857142857142,0.1724137931034483
15080,0.6428571428571429,0.516551724137931
15081,0.35714285714285715,0.5510344827586207
15083,0.21428571428571427,0.8613793103448276
15090,0.14285714285714285,0.27579310344827584
15092,0.42857142857142855,0.3447586206896552
15095,0.21428571428571427,0.4068965517241379
15127,0.2857142857142857,0.3413793103448276
15129,0.35714285714285715,0.9620689655172414
15133,0.21428571428571427,0.15517241379310345
15134,0.21428571428571427,0.44482758620689655
15138,0.14285714285714285,0.296551724137931
15152,0.5,0.41379310344827586
15161,0.5714285714285714,0.3102758620689655
15162,0.7142857142857143,0.5855172413793104
15163,0.7142857142857143,0.44820689655172413
15166,0.5,0.41372413793103446
15167,0.0,0.3102758620689655
15168,0.07142857142857142,0.27579310344827584
15169,0.21428571428571427,0.41372413793103446
15170,0.2857142857142857,0.41372413793103446
15172,0.07142857142857142,0.5241379310344828
15183,0.7142857142857143,0.5510344827586207
15187,0.6428571428571429,0.516551724137931
15211,0.14285714285714285,0.2620689655172414
15217,0.21428571428571427,0.2620689655172414
15218,0.21428571428571427,0.3793103448275862
15219,0.35714285714285715,0.2751724137931034
15220,0.2857142857142857,0.27586206896551724
15221,0.14285714285714285,0.27579310344827584
15243,0.5,0.8272413793103448
15245,0.5,0.6893103448275862
15246,0.5,0.31
15247,0.2857142857142857,0.41344827586206895
15248,0.35714285714285715,0.37896551724137933
15249,0.14285714285714285,0.37896551724137933
15250,0.21428571428571427,0.41344827586206895
15251,0.2857142857142857,0.4479310344827586
15252,0.14285714285714285,0.4824137931034483
15253,0.21428571428571427,0.41344827586206895
15254,0.7142857142857143,0.6548275862068965
15255,0.42857142857142855,0.6548275862068965
15256,0.6428571428571429,0.9651724137931035
15263,0.35714285714285715,0.3096551724137931
15277,0.14285714285714285,0.8962068965517241
15290,0.2857142857142857,0.5510344827586207
15291,0.8571428571428571,0.8268965517241379
15292,0.5714285714285714,0.34413793103448276
15294,0.35714285714285715,0.26827586206896553
15299,0.5714285714285714,0.4131034482758621
15300,0.7857142857142857,0.4820689655172414
15304,0.42857142857142855,0.34413793103448276
15309,0.35714285714285715,0.3786206896551724
15310,0.2857142857142857,0.3303448275862069
15314,0.21428571428571427,0.34413793103448276
15315,0.6428571428571429,0.38551724137931037
15316,0.35714285714285715,0.3096551724137931
15319,0.35714285714285715,0.34413793103448276
15321,0.14285714285714285,0.3786206896551724
15322,0.42857142857142855,0.516551724137931
15324,0.7142857142857143,0.516551724137931
15325,0.5,0.3096551724137931
15326,0.42857142857142855,0.6517241379310345
15342,0.8571428571428571,1.0
15349,0.14285714285714285,0.41372413793103446
15350,0.35714285714285715,0.41344827586206895
15353,0.42857142857142855,0.5137931034482759
15360,0.35714285714285715,0.5517241379310345
15383,0.35714285714285715,0.0
15416,0.0,0.34448275862068967
15425,0.21428571428571427,0.6206896551724138
15449,0.5,0.3793103448275862
15451,0.5,0.34448275862068967
15452,0.21428571428571427,0.34448275862068967
15453,0.21428571428571427,0.2620689655172414
15454,0.5,0.3793103448275862
15481,0.5714285714285714,0.41344827586206895
15494,0.35714285714285715,0.0
15499,0.0,0.34448275862068967
15500,0.0,0.41379310344827586
15502,0.2857142857142857,0.27586206896551724
15505,0.5714285714285714,0.4131034482758621
15507,0.7857142857142857,0.5510344827586207
15509,0.5,0.4475862068965517
15510,0.7857142857142857,0.4820689655172414
15511,0.35714285714285715,0.62
15512,0.14285714285714285,0.4131034482758621
15517,0.7142857142857143,0.4820689655172414
15533,0.2857142857142857,0.6893103448275862
15543,0.6428571428571429,0.35172413793103446
15556,0.5,0.5513793103448276
15557,0.5,0.41344827586206895
15558,0.42857142857142855,0.4
15559,0.6428571428571429,0.6
15560,0.5,0.3103448275862069
15561,0.5,0.3310344827586207
15562,0.0,0.4482758620689655
15563,0.35714285714285715,0.41344827586206895
15564,0.35714285714285715,0.4
15565,0.5714285714285714,0.34448275862068967
15567,0.42857142857142855,0.3793103448275862
15568,0.5714285714285714,0.4
15569,0.14285714285714285,0.4482758620689655
15570,0.14285714285714285,0.3793103448275862
15584,0.42857142857142855,0.0
15602,0.42857142857142855,0.0
15606,0.0,0.19310344827586207
15614,0.7142857142857143,0.6206896551724138
15621,0.14285714285714285,0.19310344827586207
15623,0.14285714285714285,0.2413103448275862
15628,0.35714285714285715,0.9344827586206896
15631,0.35714285714285715,0.7517241379310344
15641,0.42857142857142855,0.8206896551724138
15642,0.07142857142857142,0.43448275862068964
15643,0.14285714285714285,0.5482758620689655
15649,0.6428571428571429,0.9137931034482759
15656,0.0,0.41344827586206895
15657,0.5,0.6203448275862069
15658,0.14285714285714285,0.7582758620689655
15660,0.42857142857142855,0.9651724137931035
15661,0.0,0.5513793103448276
15662,0.21428571428571427,0.27551724137931033
15663,0.42857142857142855,0.4824137931034483
15664,0.5,0.8272413793103448
15665,0.2857142857142857,0.4824137931034483
15666,0.6428571428571429,0.4824137931034483
15670,0.5714285714285714,0.593103448275862
15671,0.7142857142857143,0.6655172413793103
15672,0.6428571428571429,0.7582758620689655
15673,0.5,0.6203448275862069
15674,0.2857142857142857,0.4482758620689655
15678,0.35714285714285715,0.6203448275862069
15679,0.07142857142857142,0.8962068965517241
15682,0.35714285714285715,0.4824137931034483
15686,0.5714285714285714,0.6551724137931034
15693,0.21428571428571427,0.34448275862068967
15696,0.35714285714285715,0.0
15698,0.14285714285714285,0.2620689655172414
15703,0.42857142857142855,0.5513793103448276
15704,0.14285714285714285,0.27551724137931033
15705,0.14285714285714285,0.34448275862068967
15706,0.14285714285714285,0.41344827586206895
15711,0.5,0.5855172413793104
15712,0.5714285714285714,0.3096551724137931
15715,0.35714285714285715,0.3786206896551724
15716,0.5714285714285714,0.4820689655172414
15717,0.42857142857142855,0.3303448275862069
15718,0.35714285714285715,0.516551724137931
15719,0.5,0.5855172413793104
15722,0.35714285714285715,0.3786206896551724
15731,0.5,0.0
15732,0.14285714285714285,0.34413793103448276
15738,0.35714285714285715,0.33793103448275863
15741,0.5,0.5172413793103449
15751,0.35714285714285715,0.5172413793103449
15753,0.42857142857142855,0.5103448275862069
15757,0.0,0.15517241379310345
15759,0.07142857142857142,0.27579310344827584
15760,0.35714285714285715,0.3102758620689655
15768,0.5714285714285714,0.516551724137931
15769,0.42857142857142855,0.516551724137931
15775,0.5714285714285714,0.3096551724137931
15782,0.14285714285714285,0.24068965517241378
15783,0.5,0.2751724137931034
15784,0.35714285714285715,0.34413793103448276
15788,0.42857142857142855,0.5510344827586207
15790,0.42857142857142855,0.41344827586206895
15794,0.7142857142857143,0.62
15802,0.8571428571428571,0.6620689655172414
15850,0.7857142857142857,0.6893103448275862
15851,0.5,0.0
15860,0.7142857142857143,0.5513793103448276
15863,0.7857142857142857,0.5513793103448276
15873,0.6428571428571429,0.0
15874,0.07142857142857142,0.2517241379310345
15879,0.14285714285714285,0.1896551724137931
15881,0.5714285714285714,0.0
15890,0.5,0.0
15896,0.0,0.27586206896551724
15917,0.14285714285714285,1.0
15931,0.0,0.13793103448275862
15934,0.07142857142857142,0.3793103448275862
15970,0.42857142857142855,0.6517241379310345
16002,0.35714285714285715,0.9344827586206896
16016,1.0,0.0
16022,0.5,0.8610344827586207
16027,0.0,0.20689655172413793
16033,0.7857142857142857,0.7579310344827587
16034,0.21428571428571427,0.9648275862068966
16035,0.35714285714285715,0.9648275862068966
16037,0.5,0.5827586206896552
16039,0.42857142857142855,0.39655172413793105
16059,0.21428571428571427,0.37924137931034485
16071,0.07142857142857142,0.6206896551724138
16074,0.2857142857142857,0.4826896551724138
16086,0.42857142857142855,0.5510344827586207
16087,0.5714285714285714,0.4131034482758621
16092,0.6428571428571429,0.6896551724137931
16096,0.2857142857142857,0.3786206896551724
16100,0.0,0.4826896551724138
16112,0.7142857142857143,0.9379310344827586
16116,0.0,0.3275862068965517
16118,0.7142857142857143,0.8482758620689655
16136,0.14285714285714285,0.5344827586206896
16137,0.07142857142857142,0.31724137931034485
16138,0.35714285714285715,0.5310344827586206
16139,0.7857142857142857,0.4820689655172414
16145,0.2857142857142857,0.3448275862068966
16146,0.42857142857142855,0.6895862068965517
16149,0.42857142857142855,0.62
16150,0.0,0.39655172413793105
16151,0.5714285714285714,0.8275172413793104
16153,0.14285714285714285,0.41372413793103446
16160,0.07142857142857142,0.3793103448275862
16163,0.6428571428571429,0.8964827586206896
16166,0.0,0.23448275862068965
16169,0.14285714285714285,0.2689655172413793
16170,0.5714285714285714,0.4068965517241379
16173,0.5714285714285714,0.8206206896551724
16175,0.2857142857142857,0.8964827586206896
16178,0.21428571428571427,0.4827586206896552
16182,0.5,0.0
16183,0.35714285714285715,0.3447586206896552
16185,0.35714285714285715,0.7579310344827587
16186,0.7142857142857143,0.6344827586206897
16191,0.6428571428571429,0.9654482758620689
16192,0.35714285714285715,0.4826896551724138
16193,0.42857142857142855,0.8964827586206896
16196,0.42857142857142855,0.41379310344827586
16204,0.0,0.34413793103448276
16211,0.21428571428571427,0.5510344827586207
16227,0.5,0.38310344827586207
16228,0.42857142857142855,0.4820689655172414
16231,0.14285714285714285,0.6889655172413793
16241,0.35714285714285715,0.8962068965517241
16242,0.2857142857142857,0.8962068965517241
16243,0.35714285714285715,0.5
16244,0.6428571428571429,0.672344827586207
16245,0.5,0.996551724137931
16248,0.5,0.5
16249,0.21428571428571427,0.37924137931034485
16253,0.14285714285714285,0.1724137931034483
16267,0.35714285714285715,0.9648275862068966
16268,0.21428571428571427,0.9648275862068966
16270,0.2857142857142857,0.4482758620689655
16271,0.2857142857142857,0.5441379310344827
16274,0.07142857142857142,0.4131034482758621
16276,0.5,0.0
16277,0.5714285714285714,0.6068965517241379
16281,0.42857142857142855,0.21379310344827587
16299,0.07142857142857142,1.0
16301,0.5,0.5827586206896552
16302,0.2857142857142857,0.3620689655172414
16303,0.21428571428571427,0.37924137931034485
16304,0.42857142857142855,0.39655172413793105
16308,0.7142857142857143,0.0
16313,0.7857142857142857,0.9654482758620689
16317,0.7857142857142857,0.4820689655172414
16326,0.0,0.4826896551724138
16338,0.35714285714285715,0.5310344827586206
16340,0.2857142857142857,0.3931034482758621
16348,0.0,0.46551724137931033
16349,0.14285714285714285,0.4824137931034483
16356,0.07142857142857142,0.41344827586206895
16358,0.42857142857142855,0.62
16359,0.21428571428571427,0.2203448275862069
16360,0.35714285714285715,0.2751724137931034
16364,0.42857142857142855,0.5510344827586207
16368,0.07142857142857142,0.33793103448275863
16369,0.07142857142857142,0.31724137931034485
16373,0.5714285714285714,0.4131034482758621
16383,0.2857142857142857,0.3786206896551724
16384,0.7857142857142857,0.7579310344827587
16385,0.7142857142857143,0.6344827586206897
16387,0.6428571428571429,0.9654482758620689
16390,0.14285714285714285,0.5344827586206896
16391,0.5,0.62
16403,0.42857142857142855,0.41379310344827586
16405,0.35714285714285715,0.7579310344827587
16406,0.21428571428571427,0.2413793103448276
16408,0.2857142857142857,0.4826896551724138
16432,0.2857142857142857,0.8962068965517241
16433,0.35714285714285715,0.5
16434,0.6428571428571429,0.672344827586207
16435,0.5,0.996551724137931
16438,0.0,0.23448275862068965
16441,0.42857142857142855,0.6895862068965517
16457,0.5,0.5
16460,0.5714285714285714,0.41379310344827586
16464,0.21428571428571427,0.5510344827586207
16465,0.14285714285714285,0.3786206896551724
16469,0.5,0.996551724137931
16478,0.5714285714285714,0.4068965517241379
16481,0.14285714285714285,0.41372413793103446
16483,0.2857142857142857,0.4482758620689655
16484,0.7857142857142857,0.4820689655172414
16486,0.42857142857142855,0.5855172413793104
16488,0.2857142857142857,0.5441379310344827
16496,0.8571428571428571,0.0
16511,0.14285714285714285,0.41379310344827586
16514,0.42857142857142855,0.5510344827586207
16525,0.07142857142857142,0.4131034482758621
16540,0.0,0.46551724137931033
16541,0.14285714285714285,0.4824137931034483
16550,0.2857142857142857,0.20689655172413793
16554,0.14285714285714285,0.3275862068965517
16557,0.35714285714285715,0.5310344827586206
16566,0.5,0.0
16569,0.42857142857142855,0.39655172413793105
16589,0.35714285714285715,0.6551724137931034
16593,0.42857142857142855,0.43103448275862066
16606,0.0,0.33793103448275863
16620,0.35714285714285715,0.4482758620689655
16638,0.0,0.8272413793103448
16645,0.6428571428571429,0.6893103448275862
16655,0.07142857142857142,0.27551724137931033
16677,0.07142857142857142,0.34448275862068967
16698,0.21428571428571427,0.4479310344827586
16700,0.21428571428571427,0.34448275862068967
16701,0.21428571428571427,0.4824137931034483
16702,0.0,0.5513793103448276
16704,0.07142857142857142,0.20655172413793105
16708,0.21428571428571427,0.5513793103448276
16768,0.07142857142857142,0.41344827586206895
16967,0.07142857142857142,0.34448275862068967
16969,0.21428571428571427,0.41344827586206895
16970,0.14285714285714285,0.06206896551724138
16975,0.35714285714285715,0.5513793103448276
17014,0.2857142857142857,0.8620689655172413
17137,0.35714285714285715,0.6344827586206897
17163,0.14285714285714285,0.9310344827586207
17192,0.14285714285714285,0.3448275862068966
17194,0.5,0.4824137931034483
17195,0.5,0.5517241379310345
17209,0.14285714285714285,0.47586206896551725
17212,0.2857142857142857,0.3413793103448276
17216,0.14285714285714285,0.27551724137931033
17218,0.21428571428571427,0.5379310344827586
17238,0.14285714285714285,0.1724137931034483
17264,0.14285714285714285,0.3448275862068966
17294,0.35714285714285715,0.6551724137931034
17424,0.14285714285714285,0.3103448275862069
17523,0.5,0.5517241379310345
17546,0.35714285714285715,0.8620689655172413
17610,0.8571428571428571,0.6068965517241379
17611,0.07142857142857142,0.36551724137931035
17670,0.07142857142857142,0.41379310344827586
17671,0.21428571428571427,0.6551724137931034
17787,0.0,0.3310344827586207
17824,0.35714285714285715,0.27586206896551724
17888,0.07142857142857142,0.4824137931034483
17891,0.5714285714285714,0.8272413793103448
17939,0.07142857142857142,0.4482758620689655
17952,0.21428571428571427,0.4827586206896552
18077,0.0,0.756896551724138
18119,0.8571428571428571,0.6068965517241379
18145,0.7142857142857143,0.9301379310344827
18147,0.0,0.27551724137931033
18207,0.0,0.8272413793103448
18212,0.7142857142857143,0.9655172413793104
18213,0.2857142857142857,0.24793103448275863
18220,0.14285714285714285,0.21379310344827587
18299,0.5,0.3793103448275862
18301,0.7142857142857143,0.8827586206896552
18308,0.7142857142857143,0.034482758620689655
18325,0.5714285714285714,0.7927586206896552
18362,0.5,0.4824137931034483
18402,0.42857142857142855,0.0
18403,0.0,0.8272413793103448
18495,0.07142857142857142,0.34413793103448276
18520,0.0,0.8272413793103448
18521,0.42857142857142855,0.0
18527,0.0,0.20655172413793105
18569,0.5,0.4824137931034483
18615,0.14285714285714285,0.7034482758620689
18664,0.14285714285714285,0.4793103448275862
18676,0.2857142857142857,0.3448275862068966
18821,0.5,0.7896551724137931
18883,0.7142857142857143,0.9655172413793104
18920,0.14285714285714285,0.41344827586206895
19009,0.5714285714285714,0.896551724137931
19042,0.5,0.4824137931034483
19073,0.2857142857142857,0.8896551724137931
19101,0.5,0.5862068965517241
19148,0.14285714285714285,0.41344827586206895
19193,0.14285714285714285,0.30344827586206896
19229,0.07142857142857142,0.10344827586206896
19231,0.6428571428571429,0.844
19233,0.5,0.4482758620689655
19239,0.35714285714285715,0.5517241379310345
19240,0.21428571428571427,0.7931034482758621
19245,0.07142857142857142,0.1375862068965517
19263,0.21428571428571427,0.33793103448275863
19300,0.14285714285714285,0.3793103448275862
19304,0.21428571428571427,0.6758620689655173
19319,0.7142857142857143,0.9655172413793104
19321,0.5714285714285714,0.41379310344827586
19468,0.21428571428571427,0.3586206896551724
19486,0.14285714285714285,0.41344827586206895
19562,0.14285714285714285,0.3448275862068966
19593,0.42857142857142855,0.7582758620689655
19629,0.5714285714285714,0.9620689655172414
19656,0.21428571428571427,0.27579310344827584
19719,0.07142857142857142,0.31689655172413794
19753,0.5714285714285714,0.6379310344827587
19766,0.21428571428571427,0.9310344827586207
19882,0.21428571428571427,0.4068965517241379
19886,0.14285714285714285,0.4896551724137931
19892,0.6428571428571429,0.7582758620689655
19897,0.7142857142857143,0.27586206896551724
19907,0.07142857142857142,0.7931034482758621
19908,0.5,0.8620689655172413
19919,0.6428571428571429,0.7582758620689655
19920,0.07142857142857142,0.2689655172413793
19927,0.8571428571428571,0.8272413793103448
19961,0.8571428571428571,0.7931034482758621
